Sample,CXX.402,CXX.402.2,AHT.142,AHT.142.2,REN105L03,REN105L03.2,CPH18,CPH18.2,CPH8,CPH8.2,REN54P11,REN54P11.2,RF2001Fam,RF2001Fam.2,RFcph 2.2,RFcph 2,fh2088,fh2088.2,REN162C04,REN162C04.2,AHTh171,AHTh171.2,INU055,INU055.2,fh2010,fh2010.2,fh2004,fh2004.2
F16-001,0,0,0,0,0,0,0,0,0,0,0,0,0,0,0,0,0,0,0,0,0,0,0,0,0,0,0,0
F16-002,78,78,132,132,0,0,168,170,0,0,210,210,0,0,84,84,108,112,174,176,166,166,210,212,222,222,242,260
F16-003,0,0,0,0,0,0,0,0,0,0,0,0,0,0,84,86,108,108,0,0,0,0,0,0,0,0,0,0
F16-004,0,0,0,0,0,0,0,0,0,0,0,0,0,0,0,0,0,0,0,0,0,0,0,0,0,0,0,0
F16-005,0,0,0,0,0,0,0,0,0,0,0,0,0,0,0,0,0,0,0,0,0,0,0,0,0,0,0,0
F16-007,0,0,0,0,0,0,0,0,0,0,0,0,0,0,0,0,0,0,0,0,0,0,0,0,0,0,0,0
F16-008,0,0,0,0,0,0,0,0,0,0,0,0,0,0,0,0,0,0,0,0,0,0,0,0,0,0,0,0
F16-009,0,0,0,0,0,0,0,0,0,0,0,0,0,0,0,0,0,0,0,0,0,0,0,0,0,0,0,0
F16-010,0,0,0,0,0,0,0,0,0,0,0,0,0,0,0,0,0,0,0,0,0,0,0,0,0,0,0,0
F16-012b,0,0,0,0,0,0,0,0,0,0,0,0,0,0,0,0,0,0,0,0,0,0,0,0,0,0,0,0
F16-013,0,0,0,0,0,0,0,0,0,0,0,0,0,0,0,0,0,0,0,0,0,0,0,0,0,0,0,0
F16-014,0,0,0,0,0,0,0,0,0,0,0,0,0,0,0,0,0,0,0,0,0,0,0,0,0,0,0,0
F16-015,0,0,0,0,0,0,0,0,0,0,0,0,0,0,0,0,0,0,0,0,0,0,0,0,0,0,0,0
F16-017,0,0,0,0,0,0,0,0,0,0,0,0,0,0,0,0,0,0,0,0,0,0,0,0,0,0,0,0
F16-018,0,0,0,0,0,0,0,0,0,0,0,0,0,0,0,0,0,0,0,0,0,0,0,0,0,0,0,0
F16-019b,0,0,0,0,0,0,0,0,0,0,0,0,0,0,84,86,104,104,0,0,0,0,0,0,0,0,0,0
F16-020,78,78,0,0,0,0,0,0,0,0,0,0,0,0,84,84,104,108,176,176,0,0,0,0,226,226,260,260
F16-022,0,0,0,0,0,0,0,0,0,0,0,0,0,0,0,0,0,0,0,0,0,0,0,0,0,0,0,0
F16-023,0,0,0,0,0,0,0,0,0,0,0,0,0,0,0,0,0,0,0,0,0,0,0,0,0,0,0,0
F16-024,0,0,0,0,0,0,0,0,0,0,0,0,0,0,0,0,0,0,0,0,0,0,0,0,0,0,0,0
F16-026,0,0,0,0,0,0,0,0,0,0,0,0,0,0,0,0,0,0,0,0,0,0,0,0,0,0,0,0
F16-030b,0,0,0,0,0,0,0,0,0,0,0,0,0,0,0,0,0,0,0,0,0,0,0,0,0,0,0,0
F16-032,0,0,0,0,0,0,0,0,0,0,0,0,0,0,0,0,0,0,0,0,0,0,0,0,0,0,0,0
F16-033,78,78,130,132,0,0,0,0,0,0,0,0,0,0,84,84,104,108,174,174,0,0,0,0,222,222,0,0
F16-034,0,0,124,134,162,174,170,170,182,182,202,204,212,224,94,94,100,118,170,174,176,178,208,210,230,234,240,240
F16-035b,0,0,0,0,0,0,0,0,0,0,0,0,0,0,0,0,0,0,0,0,0,0,0,0,0,0,0,0
F16-036,0,0,0,0,0,0,0,0,0,0,0,0,0,0,0,0,0,0,0,0,0,0,0,0,0,0,0,0
F16-037,0,0,0,0,0,0,0,0,0,0,0,0,0,0,0,0,0,0,0,0,0,0,216,216,0,0,0,0
F16-038,78,78,128,130,160,162,170,178,0,0,204,208,212,220,84,84,104,108,176,176,158,158,218,218,218,222,238,260
F16-040,0,0,0,0,0,0,0,0,172,172,0,0,0,0,94,94,92,122,170,178,0,0,210,216,230,230,240,240
F16-041,0,0,0,0,0,0,0,0,0,0,0,0,0,0,0,0,0,0,0,0,0,0,0,0,0,0,0,0
F16-042,0,0,0,0,0,0,0,0,0,0,0,0,0,0,0,0,0,0,0,0,0,0,0,0,0,0,0,0
F16-043,0,0,0,0,0,0,0,0,0,0,0,0,0,0,0,0,0,0,0,0,0,0,0,0,0,0,0,0
F16-044,0,0,0,0,0,0,0,0,0,0,0,0,0,0,0,0,0,0,0,0,0,0,0,0,0,0,0,0
F16-045,0,0,0,0,0,0,0,0,0,0,0,0,0,0,0,0,0,0,0,0,0,0,0,0,0,0,0,0
F16-046,0,0,0,0,0,0,0,0,0,0,0,0,0,0,0,0,112,112,0,0,0,0,0,0,0,0,0,0
F16-047b,78,78,132,132,0,0,0,0,0,0,0,0,0,0,84,84,104,108,172,172,0,0,214,214,0,0,0,0
F16-048,78,78,130,132,154,160,168,178,174,174,210,216,216,220,84,84,104,108,174,174,172,172,212,216,222,222,260,260
F16-049,78,78,130,132,154,160,168,178,174,174,210,216,220,220,84,84,108,108,174,174,172,172,212,216,222,222,260,260
F16-050,0,0,0,0,0,0,0,0,0,0,0,0,0,0,0,0,0,0,0,0,0,0,0,0,0,0,0,0
F16-063,78,78,130,130,162,164,168,180,172,174,206,214,216,220,84,84,104,108,174,190,158,170,218,222,218,218,246,260
F16-064,0,0,0,0,0,0,0,0,0,0,0,0,0,0,0,0,0,0,0,0,0,0,0,0,0,0,0,0
F16-066,80,80,132,132,154,154,170,172,174,174,206,206,216,220,84,84,104,112,176,176,158,164,214,222,222,222,242,260
F16-067,0,0,0,0,0,0,0,0,0,0,0,0,0,0,84,84,104,104,176,176,0,0,0,0,222,222,0,0
F16-068,0,0,0,0,0,0,0,0,0,0,0,0,0,0,0,0,0,0,0,0,0,0,0,0,0,0,0,0
F16-070,0,0,0,0,0,0,0,0,0,0,0,0,0,0,84,84,108,108,174,174,0,0,212,216,222,222,260,260
F16-071,0,0,0,0,0,0,0,0,0,0,0,0,0,0,0,0,108,108,0,0,0,0,0,0,0,0,0,0
F16-073,0,0,0,0,0,0,0,0,0,0,0,0,0,0,84,84,0,0,0,0,0,0,0,0,222,222,0,0
F16-074,0,0,0,0,0,0,0,0,0,0,0,0,0,0,84,84,0,0,0,0,0,0,0,0,222,222,0,0
F16-075,0,0,132,132,0,0,0,0,0,0,0,0,0,0,84,84,104,104,176,176,0,0,210,222,222,222,238,260
F16-076,0,0,0,0,0,0,0,0,174,174,206,206,0,0,84,84,104,104,176,176,0,0,210,222,222,222,238,260
F16-077,0,0,0,0,0,0,0,0,0,0,0,0,0,0,84,84,104,104,176,176,0,0,210,222,222,222,238,260
F16-078,0,0,0,0,0,0,0,0,0,0,0,0,0,0,84,84,104,104,0,0,0,0,0,0,0,0,0,0
F16-079b,0,0,0,0,0,0,0,0,0,0,0,0,0,0,0,0,0,0,0,0,0,0,0,0,0,0,0,0
F16-080b,0,0,0,0,0,0,0,0,0,0,0,0,0,0,84,84,0,0,0,0,0,0,0,0,0,0,0,0
F16-081,76,76,130,132,160,162,174,178,174,174,206,206,216,220,84,84,104,112,176,176,158,170,212,216,218,222,246,260
F16-082,0,0,0,0,0,0,0,0,0,0,0,0,0,0,0,0,0,0,0,0,0,0,0,0,0,0,0,0
F16-086,78,78,132,132,162,164,178,180,174,174,212,214,216,220,84,84,100,108,170,174,170,170,210,218,222,222,260,260
F16-087,78,78,132,132,162,164,178,180,174,174,212,214,216,220,84,84,100,108,170,174,170,170,210,218,222,222,260,260
F16-088,0,0,0,0,0,0,0,0,0,0,0,0,0,0,0,0,114,114,0,0,0,0,212,212,0,0,0,0
F16-089,0,0,0,0,0,0,0,0,0,0,0,0,0,0,0,0,0,0,0,0,0,0,0,0,0,0,0,0
F16-092,0,0,0,0,0,0,0,0,0,0,0,0,0,0,84,84,0,0,0,0,0,0,0,0,0,0,0,0
F16-093,0,0,0,0,0,0,0,0,0,0,0,0,0,0,84,84,104,108,0,0,0,0,0,0,0,0,260,260
F16-094,78,78,122,132,166,170,178,178,174,174,204,212,216,220,0,0,0,0,0,0,0,0,0,0,0,0,0,0
F16-095,78,78,122,132,166,170,178,178,174,174,204,212,216,220,84,84,104,108,176,176,158,174,214,216,218,222,260,260
F16-096,0,0,0,0,0,0,0,0,0,0,0,0,0,0,84,84,104,108,176,176,0,0,0,0,222,222,0,0
F16-100,78,78,0,0,0,0,0,0,0,0,0,0,0,0,84,84,108,116,174,176,158,170,212,218,218,226,242,260
F16-104,78,78,132,132,0,0,0,0,0,0,0,0,0,0,84,84,104,112,0,0,0,0,0,0,0,0,0,0
F16-105,78,78,130,132,154,160,168,178,174,174,210,216,220,220,84,84,108,108,158,174,172,172,212,216,222,222,242,260
F16-106,78,78,130,132,154,160,168,178,174,174,210,216,220,220,84,84,108,108,158,174,172,172,212,216,222,222,260,260
F16-107,0,0,0,0,0,0,0,0,0,0,0,0,0,0,84,84,0,0,0,0,0,0,0,0,218,218,246,246
F16-115,78,80,130,130,162,164,168,180,172,174,206,214,216,220,86,86,104,108,174,190,158,170,218,222,218,218,246,260
F16-118b,78,80,132,132,0,0,168,168,0,0,204,212,0,0,84,84,100,108,176,176,158,158,218,218,222,226,246,246
F16-119b,78,80,132,132,154,154,170,172,174,174,206,212,216,220,84,86,104,108,176,176,170,172,216,218,222,222,246,260
F16-120,78,78,132,132,0,0,0,0,0,0,0,0,0,0,84,84,104,108,0,0,0,0,210,218,222,222,0,0
F16-121,78,78,132,132,160,162,168,178,174,174,204,204,220,220,84,84,104,108,174,176,158,172,210,210,222,222,246,246
F16-122,0,0,0,0,0,0,0,0,0,0,0,0,0,0,84,84,112,112,178,178,0,0,0,0,226,226,0,0
F16-124,78,78,0,0,0,0,0,0,0,0,0,0,0,0,84,84,104,108,176,182,0,0,210,218,218,218,260,260
F16-125b,0,0,0,0,0,0,0,0,0,0,0,0,0,0,86,86,0,0,0,0,0,0,0,0,0,0,0,0
F16-126,78,78,130,132,154,162,178,178,174,174,206,212,216,220,84,84,104,108,176,176,170,172,216,218,222,222,246,260
F16-127,78,78,122,132,0,0,0,0,174,174,204,212,0,0,84,84,104,108,176,176,158,158,214,216,218,222,260,260
F16-128,78,78,132,140,160,162,170,178,174,174,206,216,220,220,84,86,104,108,176,186,172,172,216,216,218,222,242,260
F16-129,80,80,0,0,0,0,0,0,0,0,0,0,0,0,86,86,104,104,176,176,0,0,0,0,222,222,238,260
F16-130,0,0,0,0,0,0,0,0,0,0,0,0,0,0,84,86,108,108,174,184,158,166,220,220,218,222,240,260
F16-132,0,0,0,0,0,0,0,0,0,0,0,0,0,0,84,84,104,104,0,0,0,0,0,0,0,0,0,0
F16-133,78,78,0,0,0,0,0,0,0,0,0,0,0,0,84,84,108,108,0,0,0,0,0,0,0,0,0,0
F16-134,78,78,0,0,0,0,0,0,0,0,0,0,0,0,84,86,104,108,0,0,0,0,0,0,222,222,0,0
F16-135,76,76,130,132,160,162,174,178,174,174,206,206,216,220,84,84,104,112,158,176,158,170,212,216,218,222,246,260
F16-136,78,78,132,140,160,166,172,172,174,174,208,210,220,220,84,84,104,108,176,186,170,170,222,222,222,222,242,246
F16-138,78,78,132,132,162,164,178,180,174,174,212,214,216,220,84,86,100,108,170,174,170,170,210,218,222,222,260,260
F16-139,78,80,132,132,162,164,178,180,174,174,212,214,216,220,84,86,100,108,170,174,170,170,210,218,222,222,260,260
F16-140,78,80,132,132,0,0,174,178,0,0,208,212,0,0,84,84,104,108,174,174,158,158,210,222,222,222,260,260
F16-141,0,0,0,0,0,0,0,0,0,0,0,0,0,0,0,0,0,0,0,0,0,0,0,0,0,0,0,0
F16-146,78,78,130,134,160,164,178,178,174,174,204,206,220,224,84,84,104,108,176,176,158,172,220,220,222,222,242,260
F16-147,0,0,0,0,0,0,0,0,0,0,0,0,0,0,0,0,0,0,0,0,0,0,0,0,0,0,0,0
F16-148,78,78,130,134,160,164,178,178,174,174,204,206,220,224,84,84,104,108,176,176,158,172,220,220,222,222,242,260
F16-149,0,0,0,0,0,0,0,0,0,0,0,0,0,0,0,0,0,0,0,0,0,0,0,0,0,0,0,0
F16-150,78,78,124,132,0,0,168,176,0,0,0,0,0,0,84,84,104,108,174,176,170,172,212,218,218,218,246,246
F16-151,78,78,130,134,160,164,178,178,174,174,204,206,220,224,84,84,104,108,176,176,158,172,220,220,222,222,242,260
F16-152,78,78,124,132,162,162,168,176,174,174,210,218,220,220,84,84,104,108,174,176,170,172,212,218,218,218,246,246
F16-153,78,78,124,132,162,162,168,176,174,174,210,218,220,220,84,84,104,108,174,176,170,172,212,218,218,218,246,246
F16-154,78,78,130,134,0,0,178,178,0,0,204,206,0,0,84,84,104,108,176,176,0,0,220,220,222,222,242,260
F16-155,0,0,0,0,0,0,0,0,0,0,0,0,0,0,84,86,0,0,0,0,0,0,0,0,222,222,0,0
F16-156,78,78,128,132,154,166,176,178,0,0,210,212,216,220,84,84,108,112,176,176,158,170,216,220,222,222,246,260
F16-157,0,0,0,0,0,0,0,0,0,0,0,0,0,0,84,84,0,0,0,0,0,0,0,0,0,0,0,0
F16-158,0,0,130,140,172,172,176,176,178,182,196,196,212,212,94,94,100,114,170,172,178,178,210,212,230,230,0,0
F16-159,0,0,0,0,0,0,0,0,0,0,0,0,0,0,0,0,0,0,0,0,0,0,0,0,0,0,0,0
F16-160,0,0,124,130,168,172,170,176,178,184,196,202,208,212,94,110,92,114,172,174,178,178,210,216,230,234,240,240
F16-161,78,78,132,132,160,164,178,180,0,0,210,212,220,220,84,84,100,104,174,176,158,172,216,222,222,222,260,260
F16-162,78,78,130,134,160,164,178,178,174,174,204,206,220,224,0,0,0,0,0,0,0,0,0,0,0,0,0,0
F16-164,0,0,0,0,0,0,0,0,0,0,0,0,0,0,84,84,104,108,176,176,158,172,220,220,222,222,242,260
F16-165,78,78,132,134,0,0,178,178,174,174,204,216,0,0,84,84,104,104,178,186,170,172,210,218,222,222,260,262
F16-166,78,78,132,132,154,154,164,168,174,174,206,206,220,220,84,84,104,104,176,176,158,160,212,212,218,222,242,260
F16-167,78,78,132,132,154,154,164,168,174,174,206,206,220,220,84,84,104,104,176,176,158,160,212,212,218,222,242,260
F16-168,78,78,132,134,0,0,178,178,174,174,204,216,220,220,84,84,104,104,178,186,170,172,210,218,222,222,260,260
F16-169,0,0,0,0,0,0,0,0,0,0,0,0,0,0,0,0,0,0,0,0,0,0,0,0,0,0,0,0
F16-170,0,0,0,0,0,0,0,0,0,0,0,0,0,0,0,0,0,0,0,0,0,0,0,0,0,0,0,0
F16-171,78,78,132,140,150,154,168,178,172,174,206,210,216,216,86,86,104,104,174,190,172,172,216,222,218,222,260,260
F16-172,0,0,0,0,0,0,0,0,0,0,0,0,0,0,84,84,0,0,0,0,0,0,0,0,0,0,0,0
F16-173,78,78,132,132,0,0,0,0,0,0,0,0,0,0,84,84,104,112,174,176,0,0,210,212,222,222,0,0
F16-177,78,78,128,132,164,166,172,178,174,174,204,210,220,226,76,84,108,108,176,176,158,158,210,220,222,226,260,260
F16-180,78,78,130,130,0,0,0,0,0,0,0,0,0,0,84,84,104,108,176,176,158,158,220,220,222,222,242,260
F16-184,78,80,124,132,154,160,178,180,174,174,204,216,216,220,84,84,104,108,176,176,170,174,210,222,218,222,260,260
F16-185,0,0,0,0,0,0,0,0,0,0,0,0,0,0,0,0,0,0,0,0,0,0,0,0,0,0,0,0
F16-187,0,0,134,134,168,172,172,172,170,178,198,204,212,212,98,98,114,122,176,180,170,180,214,216,230,234,240,240
F16-188,78,78,132,132,150,162,168,178,174,174,214,218,220,220,76,84,104,108,174,176,170,170,220,222,218,222,246,260
F16-193,78,78,126,140,162,164,168,178,174,176,210,212,216,220,84,84,104,104,176,176,172,172,210,222,218,222,242,
F16-194,78,78,0,0,0,0,0,0,0,0,0,0,0,0,84,84,104,104,0,0,0,0,0,0,218,218,0,0
F16-195,0,0,0,0,0,0,0,0,0,0,0,0,0,0,0,0,0,0,0,0,0,0,0,0,0,0,0,0
F16-196,78,78,126,130,160,168,168,178,174,174,214,218,220,220,84,84,104,108,174,176,170,172,210,222,222,226,242,262
F16-197,78,78,128,132,154,160,168,172,174,174,206,210,220,220,84,84,104,108,176,176,172,174,220,222,222,226,260,260
F16-198,0,0,0,0,0,0,0,0,0,0,0,0,0,0,0,0,0,0,0,0,0,0,0,0,0,0,0,0
F16-200,82,82,0,0,0,0,0,0,0,0,0,0,0,0,84,84,104,108,0,0,0,0,0,0,222,222,0,0
F16-201,0,0,0,0,0,0,0,0,0,0,0,0,0,0,0,0,0,0,0,0,0,0,0,0,0,0,0,0
F16-202,0,0,0,0,0,0,0,0,0,0,0,0,0,0,0,0,0,0,0,0,0,0,0,0,0,0,0,0
F16-203,78,78,0,0,0,0,0,0,0,0,0,0,0,0,84,84,108,112,0,0,0,0,0,0,0,0,0,0
F16-204,78,78,0,0,0,0,0,0,0,0,0,0,0,0,84,84,104,108,176,176,0,0,220,220,222,222,242,260
F16-206,80,80,132,134,0,0,168,180,0,0,206,214,0,0,84,84,104,112,176,190,162,172,216,222,218,226,260,260
F16-208,0,0,0,0,0,0,0,0,0,0,0,0,0,0,0,0,0,0,0,0,0,0,0,0,0,0,0,0
F16-209,78,78,0,0,0,0,0,0,0,0,0,0,0,0,84,84,104,112,0,0,0,0,0,0,0,0,0,0
F16-210,0,0,0,0,0,0,0,0,0,0,0,0,0,0,84,84,104,112,0,0,0,0,0,0,0,0,0,0
F16-211,78,78,0,0,0,0,0,0,0,0,0,0,0,0,84,84,104,104,176,176,0,0,0,0,226,226,0,0
F16-212,80,80,130,132,160,166,168,178,178,184,206,214,216,220,84,84,104,112,170,190,158,162,218,222,218,226,242,260
F16-213b,78,78,0,0,0,0,0,0,0,0,0,0,0,0,84,84,0,0,0,0,0,0,0,0,0,0,0,0
F16-215b,78,78,130,132,160,166,168,178,178,184,206,214,216,220,84,84,104,112,170,190,158,162,218,222,218,226,242,260
F16-216b,0,0,0,0,0,0,0,0,0,0,0,0,0,0,84,84,108,112,176,176,0,0,0,0,0,0,0,0
F16-217b,78,78,128,132,0,0,0,0,0,0,210,212,0,0,0,0,0,0,0,0,0,0,0,0,0,0,0,0
F16-218b,78,78,0,0,0,0,0,0,0,0,0,0,0,0,84,84,108,112,0,0,0,0,0,0,222,222,0,0
F16-219,78,78,124,132,162,162,168,176,174,174,210,218,220,220,84,84,104,108,174,176,170,172,220,220,222,222,242,260
F16-220,78,80,124,132,162,164,178,178,174,174,216,218,216,220,84,84,104,108,176,184,160,170,210,222,218,222,246,260
F16-222,0,0,134,134,164,166,170,170,172,182,202,206,212,220,94,94,92,118,174,178,168,176,208,212,234,234,240,240
F16-224,78,78,124,132,164,166,170,180,174,174,208,214,216,220,84,84,100,108,176,176,158,158,220,222,222,226,246,260
F16-227,78,78,124,132,160,160,172,176,174,174,208,212,220,220,84,84,104,108,174,190,160,170,222,222,218,222,242,260
F16-230,78,78,124,130,160,162,164,178,174,174,208,208,212,220,84,84,104,108,176,176,158,174,212,216,218,222,260,260
F16-231,0,0,0,0,0,0,0,0,0,0,0,0,0,0,0,0,0,0,0,0,0,0,0,0,0,0,0,0
F16-232,78,78,124,132,160,160,172,176,174,174,208,212,220,220,84,84,104,108,174,190,160,170,222,222,218,222,242,260
F16-233,84,84,104,108,174,190,160,170,222,222,218,222,242,260,84,84,104,108,0,0,0,0,0,0,0,0,0,0
F16-234,78,78,124,132,160,160,172,176,174,174,208,212,220,220,84,84,104,108,174,190,160,170,222,222,218,222,242,260
F16-235,78,78,124,130,0,0,0,0,0,0,208,208,0,0,84,84,104,108,176,176,158,174,212,216,218,222,260,260
F16-236,78,78,132,132,0,0,0,0,0,0,208,212,0,0,84,84,104,108,174,190,0,0,222,222,218,222,260,260
F16-237b,78,78,130,132,162,166,168,174,174,174,208,210,216,216,84,84,104,112,176,176,158,158,210,216,218,222,246,260
F16-241,78,80,130,132,160,162,168,178,174,174,206,210,216,220,84,86,108,108,176,176,172,172,214,218,222,226,260,260
F16-243,78,78,132,132,162,164,168,178,0,0,204,212,220,220,84,84,104,104,176,176,162,174,216,218,218,222,260,260
F16-244,78,78,128,132,150,162,176,180,174,174,210,216,220,224,84,84,100,104,176,176,158,158,210,222,222,226,242,260
F16-245,0,0,0,0,0,0,0,0,0,0,0,0,0,0,0,0,0,0,0,0,0,0,0,0,0,0,0,0
F16-247,0,0,0,0,0,0,0,0,0,0,0,0,0,0,0,0,0,0,0,0,0,0,0,0,0,0,0,0
F16-248,78,78,132,140,0,0,0,0,0,0,0,0,0,0,84,84,104,112,176,180,158,158,212,212,222,226,260,260
F16-249,78,78,132,140,160,160,168,178,174,174,204,208,220,220,86,86,104,112,176,180,158,170,212,216,222,226,260,260
F16-252b,78,78,132,132,154,160,170,170,0,0,206,206,220,220,86,86,104,108,176,192,172,174,210,220,222,222,246,260
F16-255,0,0,0,0,0,0,0,0,0,0,0,0,0,0,0,0,0,0,0,0,0,0,0,0,0,0,0,0
F16-258,0,0,124,134,166,172,170,170,168,172,200,204,212,220,94,94,92,122,174,178,178,182,210,216,230,230,240,240
F16-259,0,0,0,0,0,0,0,0,0,0,0,0,0,0,0,0,0,0,0,0,0,0,0,0,0,0,0,0
F16-260,78,78,0,0,0,0,0,0,0,0,0,0,0,0,84,84,104,104,176,178,0,0,214,222,218,222,242,242
F16-261,78,80,0,0,0,0,0,0,0,0,0,0,0,0,84,84,104,108,0,0,0,0,0,0,218,218,0,0
F16-262,78,80,132,132,0,0,0,0,0,0,0,0,0,0,84,84,104,108,174,178,158,158,210,210,218,222,242,242
F16-263,0,0,132,138,168,170,170,172,172,172,200,204,208,212,98,98,92,114,174,174,178,178,210,210,234,234,240,240
F16-264,80,80,132,132,162,166,178,178,174,174,204,214,220,224,86,86,100,100,176,190,172,174,210,222,218,222,242,260
F16-266,0,0,0,0,0,0,0,0,0,0,0,0,0,0,84,84,0,0,0,0,0,0,0,0,0,0,0,0
F16-269b,78,78,124,130,0,0,172,174,0,0,206,210,0,0,86,86,104,108,176,176,158,160,210,222,222,222,246,260
F16-271,78,80,132,132,0,0,178,180,0,0,206,210,0,0,84,84,104,108,174,178,158,158,210,222,218,222,242,242
F16-272b,78,78,130,132,0,0,168,168,0,0,212,212,0,0,84,86,104,108,174,174,158,158,214,214,222,222,242,260
F16-273,0,0,0,0,0,0,0,0,0,0,0,0,0,0,0,0,0,0,0,0,0,0,0,0,0,0,0,0
F16-275b,78,78,132,132,160,164,178,178,174,184,212,216,220,220,84,86,104,108,174,174,158,172,212,222,222,226,242,246
F16-276b,78,78,0,0,0,0,0,0,0,0,0,0,0,0,84,84,104,104,156,156,0,0,0,0,0,0,0,0
F16-277b,78,78,130,132,154,164,168,168,184,184,212,216,224,224,84,86,104,108,174,174,158,160,214,222,222,222,242,260
F16-278b,0,0,0,0,0,0,0,0,0,0,0,0,0,0,0,0,104,104,0,0,0,0,0,0,0,0,0,0
F16-279,78,78,132,132,166,168,178,178,174,174,208,210,216,216,84,84,104,104,174,174,158,172,220,222,222,222,260,260
F16-280,0,0,0,0,0,0,0,0,0,0,0,0,0,0,0,0,0,0,0,0,0,0,0,0,0,0,0,0
F16-281,0,0,0,0,0,0,0,0,0,0,0,0,0,0,84,84,0,0,0,0,0,0,0,0,216,222,0,0
F16-282,0,0,0,0,0,0,0,0,0,0,0,0,0,0,0,0,0,0,0,0,0,0,0,0,0,0,0,0
F16-283,0,0,0,0,0,0,0,0,0,0,0,0,0,0,0,0,0,0,0,0,0,0,0,0,0,0,0,0
F16-284,0,0,0,0,0,0,0,0,0,0,0,0,0,0,86,86,0,0,0,0,0,0,0,0,0,0,0,0
F16-285b,78,78,128,132,162,162,170,178,174,174,210,216,216,220,84,84,104,108,176,184,166,170,218,222,222,222,242,262
F16-288,0,0,0,0,0,0,0,0,0,0,0,0,0,0,0,0,0,0,0,0,0,0,0,0,0,0,0,0
F16-290,78,78,132,132,0,0,0,0,0,0,0,0,0,0,84,86,104,108,174,174,0,0,0,0,0,0,0,0
F16-291,0,0,0,0,0,0,0,0,0,0,0,0,0,0,84,84,104,108,174,176,0,0,220,222,218,222,246,260
F16-292,0,0,0,0,0,0,0,0,0,0,0,0,0,0,0,0,0,0,0,0,0,0,0,0,0,0,0,0
F16-294,78,78,0,0,0,0,0,0,0,0,0,0,0,0,84,84,104,112,176,190,0,0,218,222,218,222,246,260
F16-298,0,0,0,0,0,0,0,0,0,0,0,0,0,0,0,0,0,0,0,0,0,0,0,0,0,0,0,0
F16-302,78,78,124,130,0,0,168,178,174,174,206,216,220,220,84,84,104,112,176,190,158,158,218,222,218,222,246,260
F16-306,0,0,0,0,0,0,0,0,0,0,0,0,0,0,84,84,104,112,176,190,158,158,218,222,218,222,246,260
F16-307,0,0,0,0,0,0,0,0,0,0,0,0,0,0,0,0,0,0,0,0,0,0,0,0,0,0,0,0
F16-308,78,78,130,132,0,0,176,176,0,0,204,214,0,0,84,84,100,104,176,190,166,168,212,212,222,222,0,0
F16-311,0,0,0,0,0,0,0,0,0,0,0,0,0,0,84,84,0,0,0,0,0,0,0,0,0,0,0,0
F16-312,0,0,0,0,0,0,0,0,0,0,0,0,0,0,84,84,0,0,0,0,0,0,0,0,0,0,0,0
F16-313,78,78,0,0,0,0,0,0,0,0,206,206,0,0,84,84,104,108,176,182,0,0,0,0,218,222,0,0
F16-317b,0,0,0,0,0,0,0,0,0,0,0,0,0,0,84,84,0,0,0,0,0,0,0,0,0,0,0,0
F16-318b,0,0,0,0,0,0,0,0,0,0,0,0,0,0,84,84,104,104,176,176,0,0,0,0,0,0,0,0
F16-320,0,0,0,0,0,0,0,0,0,0,0,0,0,0,84,84,104,116,176,192,158,160,210,212,218,222,260,260
F16-322b,0,0,0,0,0,0,0,0,0,0,0,0,0,0,84,84,104,108,0,0,0,0,0,0,0,0,0,0
F16-323b,0,0,0,0,0,0,0,0,0,0,0,0,0,0,0,0,0,0,0,0,0,0,0,0,0,0,0,0
F16-325b,78,80,132,132,0,0,168,176,0,0,216,216,0,0,84,84,104,116,174,184,172,174,214,218,218,222,246,260
F16-326,0,0,0,0,0,0,0,0,0,0,0,0,0,0,0,0,112,112,0,0,0,0,0,0,222,226,0,0
