Sample,genotype,SoH49,duplicate,Allelematch,CXX.402,CXX.402.2,AHT.142,AHT.142.2,REN105L03,REN105L03.2,CPH18,CPH18.2,CPH8,CPH8.2,REN54P11,REN54P11.2,RF2001Fam,RF2001Fam.2,,RFcph 2,RFcph 2.2,fh2088,fh2088.2,REN162C04,REN162C04.2,AHTh171,AHTh171.2,INU055,INU055.2,fh2010,fh2010.2,fh2004,fh2004.2,Tot%,Str Used,lat,long
F16-048,K2,W,1,Yes,78,78,130,132,154,160,168,178,174,174,210,216,220,220,,84,84,108,108,174,174,172,172,212,216,222,222,260,260,100,93,39.00009,-121.13532
F16-049,K2,W,1,Yes,78,78,130,132,154,160,168,178,174,174,210,216,220,220,,84,84,108,108,174,174,172,172,212,216,222,222,260,260,100,93,39.00009,-121.13532
F16-063,K2,W,2,Yes,78,78,130,130,162,164,168,180,172,174,206,214,216,220,,84,84,104,108,174,190,158,170,218,222,218,218,246,260,100,93,38.89212,-121.10624
F16-066,K2,W,UN,Yes,80,80,132,132,154,154,170,172,174,174,206,206,216,220,,84,84,104,112,176,176,158,164,214,222,222,222,242,260,100,93,38.8922,-121.10624
F16-081,K2,W,4,Yes,76,76,130,132,160,162,174,178,174,174,206,206,216,220,,84,84,104,112,176,176,158,170,212,216,218,222,246,260,100,93,38.96327,-121.14464
F16-086,K2,W,5,Yes,78,78,132,132,162,164,178,180,174,174,212,214,216,220,,84,84,100,108,170,174,170,170,210,218,222,222,260,260,100,93,38.97282,-121.13525
F16-087,K2,W,5,Yes,78,78,132,132,162,164,178,180,174,174,212,214,216,220,,84,84,100,108,170,174,170,170,210,218,222,222,260,260,100,93,38.98433,-121.11286
F16-095,K2,W,6,Yes,78,78,122,132,166,170,178,178,174,174,204,212,216,220,,84,84,104,108,176,176,158,174,214,216,218,222,260,260,100,93,38.973913,-121.13528
F16-105,K2,W,3,Yes,78,78,130,132,154,160,168,178,174,174,210,216,220,220,,84,84,108,108,158,174,172,172,212,216,222,222,242,260,100,93,38.91504,-121.08819
F16-106,K2,W,3,Yes,78,78,130,132,154,160,168,178,174,174,210,216,220,220,,84,84,108,108,158,174,172,172,212,216,222,222,260,260,100,93,38.89308,-121.10735
F16-115,K2,W,2,Yes,78,80,130,130,162,164,168,180,172,174,206,214,216,220,,86,86,104,108,174,190,158,170,218,222,218,218,246,260,100,93,38.89559,-121.13514
F16-119b,K2,W,UN,Yes,78,80,132,132,154,154,170,172,174,174,206,212,216,220,,84,86,104,108,176,176,170,172,216,218,222,222,246,260,100,93,38.89398,-121.13244
F16-121,K2,W,UN,Yes,78,78,132,132,160,162,168,178,174,174,204,204,220,220,,84,84,104,108,174,176,158,172,210,210,222,222,246,246,100,93,38.89363,-121.13145
F16-126,K2,W,UN,Yes,78,78,130,132,154,162,178,178,174,174,206,212,216,220,,84,84,104,108,176,176,170,172,216,218,222,222,246,260,100,93,38.97564,-121.13702
F16-128,K2,W,UN,Yes,78,78,132,140,160,162,170,178,174,174,206,216,220,220,,84,86,104,108,176,186,172,172,216,216,218,222,242,260,100,93,38.95054,-121.12597
F16-135,K2,W,4,Yes,76,76,130,132,160,162,174,178,174,174,206,206,216,220,,84,84,104,112,158,176,158,170,212,216,218,222,246,260,100,93,39.12271,-121.10601
F16-136,K2,W,5,Yes,78,78,132,140,160,166,172,172,174,174,208,210,220,220,,84,84,104,108,176,186,170,170,222,222,222,222,242,246,100,93,39.1247,-121.1016
F16-138,K2,W,UN,Yes,78,78,132,132,162,164,178,180,174,174,212,214,216,220,,84,86,100,108,170,174,170,170,210,218,222,222,260,260,100,93,39.12332,-121.10886
F16-139,K2,E,5,Yes,78,80,132,132,162,164,178,180,174,174,212,214,216,220,,84,86,100,108,170,174,170,170,210,218,222,222,260,260,100,93,38.992,-121.05205
F16-140,K2,E,UN,Yes,78,80,132,132,164,164,174,178,174,174,208,212,216,220,,84,84,104,108,174,174,158,158,210,222,222,222,260,260,100,93,38.992907,-121.050195
F16-146,K2,E,7,Yes,78,78,130,134,160,164,178,178,174,174,204,206,220,224,,84,84,104,108,176,176,158,172,220,220,222,222,242,260,100,93,38.98933,-121.06999
F16-148,K2,E,7,Yes,78,78,130,134,160,164,178,178,174,174,204,206,220,224,,84,84,104,108,176,176,158,172,220,220,222,222,242,260,100,93,38.89308,-121.10735
F16-151,K2,E,7,Yes,78,78,130,134,160,164,178,178,174,174,204,206,220,224,,84,84,104,108,176,176,158,172,220,220,222,222,242,260,100,93,38.97995,-121.07121
F16-152,K2,E,8,Yes,78,78,124,132,162,162,168,176,174,174,210,218,220,220,,84,84,104,108,174,176,170,172,212,218,218,218,246,246,100,93,38.98054,-121.07294
F16-153,K2,E,8,Yes,78,78,124,132,162,162,168,176,174,174,210,218,220,220,,84,84,104,108,174,176,170,172,212,218,218,218,246,246,100,93,38.9864,-121.07432
F16-166,K2,E,9,Yes,78,78,132,132,154,154,164,168,174,174,206,206,220,220,,84,84,104,104,176,176,158,160,212,212,218,222,242,260,100,93,39.16623,-120.95308
F16-167,K2,E,9,Yes,78,78,132,132,154,154,164,168,174,174,206,206,220,220,,84,84,104,104,176,176,158,160,212,212,218,222,242,260,100,93,39.16557,-120.95284
F16-171,K2,E,UN,Yes,78,78,132,140,150,154,168,178,172,174,206,210,216,216,,86,86,104,104,174,190,172,172,216,222,218,222,260,260,100,93,39.16568,-120.9688
F16-177,K2,W,UN,Yes,78,78,128,132,164,166,172,178,174,174,204,210,220,226,,76,84,108,108,176,176,158,158,210,220,222,226,260,260,100,93,38.96603,-121.17032
F16-180,K2,W,UN,Yes,78,78,130,130,160,164,178,180,174,184,210,212,220,220,,84,84,104,108,176,176,158,158,220,220,222,222,242,260,100,93,38.96603,-121.17032
F16-184,K2,W,UN,Yes,78,80,124,132,154,160,178,180,174,174,204,216,216,220,,84,84,104,108,176,176,170,174,210,222,218,222,260,260,100,93,38.97648,-121.20338
F16-188,K2,W,UN,Yes,78,78,132,132,150,162,168,178,174,174,214,218,220,220,,76,84,104,108,174,176,170,170,220,222,218,222,246,260,100,93,38.96889,-121.19733
F16-196,K2,E,UN,Yes,78,78,126,130,160,168,168,178,174,174,214,218,220,220,,84,84,104,108,174,176,170,172,210,222,222,226,242,262,100,93,39.17745,-120.99669
F16-197,K2,E,UN,Yes,78,78,128,132,154,160,168,172,174,174,206,210,220,220,,84,84,104,108,176,176,172,174,220,222,222,226,260,260,100,93,39.17721,-120.99743
F16-212,K2,E,11,Yes,80,80,130,132,160,166,168,178,178,184,206,214,216,220,,84,84,104,112,170,190,158,162,218,222,218,226,242,260,100,93,39.00313,-121.05651
F16-215b,K2,E,11,Yes,78,78,130,132,160,166,168,178,178,184,206,214,216,220,,84,84,104,112,170,190,158,162,218,222,218,226,242,260,100,93,39.00099,-121.06932
F16-219,K2,E,UN,Yes,78,78,124,132,162,162,168,176,174,174,210,218,220,220,,84,84,104,108,174,176,170,172,220,220,222,222,242,260,100,93,38.99071,-121.07887
F16-220,K2,E,UN,Yes,78,80,124,132,162,164,178,178,174,174,216,218,216,220,,84,84,104,108,176,184,160,170,210,222,218,222,246,260,100,93,38.99071,-121.07887
F16-224,K2,E,UN,Yes,78,78,124,132,164,166,170,180,174,174,208,214,216,220,,84,84,100,108,176,176,158,158,220,222,222,226,246,260,100,93,39.31688,-120.81556
F16-227,K2,E,13,Yes,78,78,124,132,160,160,172,176,174,174,208,212,220,220,,84,84,104,108,174,190,160,170,222,222,218,222,242,260,100,93,39.31178,-120.82503
F16-230,K2,E,12,Yes,78,78,124,130,160,162,164,178,174,174,208,208,212,220,,84,84,104,108,176,176,158,174,212,216,218,222,260,260,100,93,39.3095,-120.82089
F16-232,K2,E,13,Yes,78,78,124,132,160,160,172,176,174,174,208,212,220,220,,84,84,104,108,174,190,160,170,222,222,218,222,242,260,100,93,39.31086,-120.81734
F16-234,K2,E,13,Yes,78,78,124,132,160,160,172,176,174,174,208,212,220,220,,84,84,104,108,174,190,160,170,222,222,218,222,242,260,100,93,39.30968,-120.80936
F16-237b,K2,E,UN,Yes,78,78,130,132,162,166,168,174,174,174,208,210,216,216,,84,84,104,112,176,176,158,158,210,216,218,222,246,260,100,93,39.31275,-120.80121
F16-241,K2,E,UN,Yes,78,80,130,132,160,162,168,178,174,174,206,210,216,220,,84,86,108,108,176,176,172,172,214,218,222,226,260,260,100,93,39.24273,-120.91092
F16-244,K2,E,UN,Yes,78,78,128,132,150,162,176,180,174,174,210,216,220,224,,84,84,100,104,176,176,158,158,210,222,222,226,242,260,100,93,39.24497,-120.88875
F16-249,K2,E,UN,Yes,78,78,132,140,160,160,168,178,174,174,204,208,220,220,,86,86,104,112,176,180,158,170,212,216,222,226,260,260,100,93,39.3177,-120.7806
F16-264,K2,W,UN,Yes,80,80,132,132,162,166,178,178,174,174,204,214,220,224,,86,86,100,100,176,190,172,174,210,222,218,222,242,260,100,93,39.06398,-121.11411
F16-272b,K2,E,UN,Yes,78,78,130,132,154,164,168,168,184,184,212,212,216,224,,84,86,104,108,174,174,158,158,214,214,222,222,242,260,100,93,39.06225803,-121.006035
F16-275b,K2,E,UN,Yes,78,78,132,132,160,164,178,178,174,184,212,216,220,220,,84,86,104,108,174,174,158,172,212,222,222,226,242,246,100,93,39.06815998,-121.010203
F16-277b,K2,E,UN,Yes,78,78,130,132,154,164,168,168,184,184,212,216,224,224,,84,86,104,108,174,174,158,160,214,222,222,222,242,260,100,93,39.0759,-121.004588
F16-279,K2,E,UN,Yes,78,78,132,132,166,168,178,178,174,174,208,210,216,216,,84,84,104,104,174,174,158,172,220,222,222,222,260,260,100,93,39.08783399,-121.001564
F16-285b,K2,E,UN,Yes,78,78,128,132,162,162,170,178,174,174,210,216,216,220,,84,84,104,108,176,184,166,170,218,222,222,222,242,262,100,93,39.09721602,-121.000389
F16-193,K2,E,UN,Yes,78,78,126,140,162,164,168,178,174,176,210,212,216,220,,84,84,104,104,176,176,172,172,210,222,218,222,242,260,100,93,39.18757,-120.99966
F16-034,K1,E,UN,Yes,-99,-99,124,134,162,174,170,170,182,182,202,204,212,224,,94,94,100,118,170,174,176,178,208,210,230,234,240,240,92.85714286,93,39.13608,-121.04546
F16-038,K2,E,UN,Yes,78,78,128,130,160,162,170,178,-99,-99,204,208,212,220,,84,84,104,108,176,176,158,158,218,218,218,222,238,260,92.85714286,93,39.31054,-120.91349
F16-100,K2,W,UN,Yes,78,78,130,134,160,164,178,180,-99,-99,204,210,216,220,,84,84,108,116,174,176,158,170,212,218,218,226,242,260,92.85714286,93,38.90069,-121.08891
F16-154,K2,E,7,Yes,78,78,130,134,160,164,178,178,174,174,204,206,220,224,,84,84,104,108,176,176,-99,-99,220,220,222,222,242,260,92.85714286,93,38.99131,-121.07522
F16-156,K2,E,UN,Yes,78,78,128,132,154,166,176,178,-99,-99,210,212,216,220,,84,84,108,112,176,176,158,170,216,220,222,222,246,260,92.85714286,93,38.99244,-121.0754
F16-160,K1,E,UN,Yes,-99,-99,124,130,168,172,170,176,178,184,196,202,208,212,,94,110,92,114,172,174,178,178,210,216,230,234,240,240,92.85714286,93,38.99155,-121.07152
F16-161,K2,E,UN,Yes,78,78,132,132,160,164,178,180,-99,-99,210,212,220,220,,84,84,100,104,174,176,158,172,216,222,222,222,260,260,92.85714286,93,38.99125,-121.0716
F16-168,K2,E,10,Yes,78,78,132,134,-99,-99,178,178,174,174,204,216,220,220,,84,84,104,104,178,186,170,172,210,218,222,222,260,260,92.85714286,93,39.16517,-120.95253
F16-187,K1,W,UN,Yes,-99,-99,134,134,168,172,172,172,170,178,198,204,212,212,,98,98,114,122,176,180,170,180,214,216,230,234,240,240,92.85714286,93,38.96917,-121.19759
F16-222,K1,E,UN,Yes,-99,-99,134,134,164,166,170,170,172,182,202,206,212,220,,94,94,92,118,174,178,168,176,208,212,234,234,240,240,92.85714286,93,39.31669,-120.81465
F16-243,K2,E,UN,Yes,78,78,132,132,162,164,168,178,-99,-99,204,212,220,220,,84,84,104,104,176,176,162,174,216,218,218,222,260,260,92.85714286,93,39.24443,-120.89095
F16-252b,K2,E,UN,Yes,78,78,132,132,154,160,170,170,-99,-99,206,206,220,220,,86,86,104,108,176,192,172,174,210,220,222,222,246,260,92.85714286,93,39.32089,-120.75702
F16-258,K1,E,UN,Yes,-99,-99,124,134,166,172,170,170,168,172,200,204,212,220,,94,94,92,122,174,178,178,182,210,216,230,230,240,240,92.85714286,93,39.32802,-120.76041
F16-263,K1,W,UN,Yes,-99,-99,132,138,168,170,170,172,172,172,200,204,208,212,,98,98,92,114,174,174,178,178,210,210,234,234,240,240,92.85714286,93,39.05651,-121.11108
F16-302,K2,E,UN,Yes,78,78,124,130,-99,-99,168,178,174,174,206,216,220,220,,84,84,104,112,176,190,158,158,218,222,218,222,246,260,92.85714286,93,39.07021598,-121.080471
F16-040,K1,E,UN,Yes,-99,-99,124,134,162,172,170,170,172,172,208,208,204,220,,94,94,92,122,170,178,-99,-99,210,216,230,230,240,240,85.71428571,86,39.30117,-120.91896
F16-094,K2,W,6,Yes,78,78,122,132,166,170,178,178,174,174,204,212,216,220,,84,84,104,108,176,176,-99,-99,-99,-99,218,222,260,260,85.71428571,86,38.97514,-121.1366
F16-124,K2,W,UN,Yes,78,78,130,140,154,160,178,180,-99,-99,206,212,224,224,,84,84,104,108,176,182,-99,-99,210,218,218,218,260,260,85.71428571,86,38.98299,-121.13543
F16-130,K2,E,UN,Yes,78,78,132,132,-99,-99,168,168,174,174,206,212,-99,-99,,84,86,108,108,174,184,158,166,220,220,218,222,240,260,85.71428571,86,39.08272798,-121.001839
F16-150,K2,E,8,Yes,78,78,124,132,-99,-99,168,176,-99,-99,210,218,220,220,,84,84,104,108,174,176,170,172,212,218,218,218,246,246,85.71428571,86,38.98562,-121.074
F16-158,K1,E,UN,Yes,-99,-99,130,140,172,172,176,176,178,182,196,196,212,212,,94,94,100,114,170,172,178,178,210,212,230,230,-99,-99,85.71428571,86,38.99254,-121.07275
F16-165,K2,E,10,Yes,78,78,132,134,-99,-99,178,178,174,174,204,216,-99,-99,,84,84,104,104,178,186,170,172,210,218,222,222,260,262,85.71428571,86,39.16776,-120.95464
F16-235,K2,E,12,Yes,78,78,124,130,160,160,-99,-99,174,174,208,208,-99,-99,,84,84,104,108,176,176,158,174,212,216,218,222,260,260,85.71428571,86,39.30968,-120.80936
F16-075,K2,W,79,Maybe2,78,78,132,132,-99,-99,168,168,-99,-99,-99,-99,220,220,,84,84,104,104,176,176,-99,-99,210,222,222,222,238,260,71.42857143,79,38.93782,-121.17426
F16-236,K2,E,79,Maybe2,78,78,124,132,-99,-99,172,172,-99,-99,208,212,-99,-99,,84,84,104,108,174,190,-99,-99,222,222,218,222,260,260,71.42857143,79,39.30971,-120.8064
F16-248,K2,E,79,Maybe2,78,78,132,140,-99,-99,168,178,-99,-99,-99,-99,-99,-99,,84,84,104,112,176,180,158,158,212,212,222,226,260,260,71.42857143,79,39.32035,-120.78627
F16-260,K2,W,79,Maybe2,78,78,132,132,-99,-99,168,178,-99,-99,210,212,-99,-99,,84,84,104,104,176,178,-99,-99,214,222,218,222,242,242,71.42857143,79,39.05007,-121.10553
F16-308,K2,E,79,Maybe2,78,78,130,132,-99,-99,176,176,-99,-99,204,214,-99,-99,,84,84,100,104,176,190,166,168,212,212,222,222,-99,-99,71.42857143,79,39.31577104,-120.936773
F16-002,K2,W,71,Maybe1,78,78,132,132,-99,-99,168,170,-99,-99,210,210,-99,-99,,84,84,108,112,174,176,166,166,210,212,222,222,242,260,78.57142857,71,39.10268,-121.10411
F16-076,K2,W,71,Maybe1,78,78,-99,-99,160,160,-99,-99,174,174,206,206,220,220,,84,84,104,104,176,176,-99,-99,210,222,222,222,238,260,78.57142857,71,38.93941,-121.17202
F16-118b,K2,W,71,Maybe1,78,80,132,132,-99,-99,168,168,-99,-99,204,212,-99,-99,,84,84,100,108,176,176,158,158,218,218,222,226,246,246,78.57142857,71,38.89418,-121.13282
F16-127,K2,W,71,Maybe1,78,78,122,132,-99,-99,-99,-99,174,174,204,212,-99,-99,,84,84,104,108,176,176,158,158,214,216,218,222,260,260,78.57142857,71,38.96864,-121.13524
F16-206,K2,E,71,Maybe1,80,80,132,134,-99,-99,168,180,-99,-99,206,214,-99,-99,,84,84,104,112,176,190,162,172,216,222,218,226,260,260,78.57142857,71,38.99187,-121.0777
F16-269b,K2,W,71,Maybe1,78,78,124,130,-99,-99,172,174,-99,-99,206,210,-99,-99,,86,86,104,108,176,176,158,160,210,222,222,222,246,260,78.57142857,71,39.06147,-121.11466
F16-271,K2,W,71,Maybe1,78,80,132,132,-99,-99,178,180,-99,-99,206,210,-99,-99,,84,84,104,108,174,178,158,158,210,222,218,222,242,242,78.57142857,71,39.05432,-121.10983
F16-325b,K2,W,71,Maybe1,78,80,132,132,-99,-99,168,176,-99,-99,216,216,-99,-99,,84,84,104,116,174,184,172,174,214,218,218,222,246,260,78.57142857,71,39.24669402,-121.088339
F16-164,No Genotype,E,NONE,0,-99,-99,130,132,154,154,-99,-99,-99,-99,-99,-99,-99,-99,,84,84,104,108,176,176,158,172,220,220,222,222,242,260,64.28571429,0,39.16869,-120.95546
F16-233,No Genotype,E,NONE,0,84,84,104,108,174,190,160,170,222,222,218,222,242,260,,84,84,104,108,-99,-99,-99,-99,-99,-99,-99,-99,-99,-99,64.28571429,0,39.30974,-120.81332
F16-262,No Genotype,W,NONE,0,78,80,132,132,-99,-99,-99,-99,-99,-99,-99,-99,-99,-99,,84,84,104,108,174,178,158,158,210,210,218,222,242,242,64.28571429,0,39.05464,-121.1102
F16-294,No Genotype,E,NONE,0,78,78,-99,-99,-99,-99,-99,-99,-99,-99,206,206,-99,-99,,84,84,104,112,176,190,-99,-99,218,222,218,222,246,260,57.14285714,0,39.07004901,-121.078157
F16-306,No Genotype,E,NONE,0,78,78,-99,-99,-99,-99,-99,-99,-99,-99,-99,-99,-99,-99,,84,84,104,112,176,190,158,158,218,222,218,222,246,260,57.14285714,0,39.33566297,-120.955152
F16-162,No Genotype,E,NONE,0,78,78,130,134,160,164,178,178,174,174,204,206,220,224,,-99,-99,-99,-99,-99,-99,-99,-99,-99,-99,-99,-99,-99,-99,50,0,39.14699,-120.96705
F16-173,No Genotype,E,NONE,0,78,78,132,132,-99,-99,-99,-99,-99,-99,-99,-99,-99,-99,,84,84,104,112,174,176,-99,-99,210,212,222,222,-99,-99,50,0,39.13725,-120.95596
F16-204,No Genotype,E,NONE,0,78,78,-99,-99,-99,-99,-99,-99,-99,-99,-99,-99,-99,-99,,84,84,104,108,176,176,-99,-99,220,220,222,222,242,260,50,0,38.99187,-121.0777
F16-320,No Genotype,W,NONE,0,-99,-99,-99,-99,-99,-99,-99,-99,-99,-99,-99,-99,-99,-99,,84,84,104,116,176,192,158,160,210,212,218,222,260,260,50,0,39.25702798,-121.086674
F16-020,No Genotype,W,NONE,0,78,78,-99,-99,-99,-99,-99,-99,-99,-99,-99,-99,-99,-99,,84,84,104,108,176,176,-99,-99,-99,-99,226,226,260,260,42.85714286,0,39.31689,-120.85162
F16-033,No Genotype,W,NONE,0,78,78,130,132,-99,-99,-99,-99,-99,-99,-99,-99,-99,-99,,84,84,104,108,174,174,-99,-99,-99,-99,222,222,-99,-99,42.85714286,0,39.05973,-121.14791
F16-047b,No Genotype,W,NONE,0,78,78,132,132,-99,-99,-99,-99,-99,-99,-99,-99,-99,-99,,84,84,104,108,172,172,-99,-99,214,214,-99,-99,-99,-99,42.85714286,0,39.25009,-121.20783
F16-070,No Genotype,W,NONE,0,-99,-99,-99,-99,-99,-99,-99,-99,-99,-99,-99,-99,-99,-99,,84,84,108,108,174,174,-99,-99,212,216,222,222,260,260,42.85714286,0,38.91975,-121.11154
F16-077,No Genotype,W,NONE,0,-99,-99,-99,-99,-99,-99,-99,-99,-99,-99,-99,-99,-99,-99,,84,84,104,104,176,176,-99,-99,210,222,222,222,238,260,42.85714286,0,38.93944,-121.17049
F16-120,No Genotype,W,NONE,0,78,78,132,132,-99,-99,-99,-99,-99,-99,-99,-99,-99,-99,,84,84,104,108,-99,-99,-99,-99,210,218,222,222,-99,-99,42.85714286,0,38.89398,-121.13244
F16-129,No Genotype,W,NONE,0,80,80,-99,-99,-99,-99,-99,-99,-99,-99,-99,-99,-99,-99,,86,86,104,104,176,176,-99,-99,-99,-99,222,222,238,260,42.85714286,0,38.97597,-121.13731
F16-291,No Genotype,E,NONE,0,-99,-99,-99,-99,-99,-99,-99,-99,-99,-99,-99,-99,-99,-99,,84,84,104,108,174,176,-99,-99,220,222,218,222,246,260,42.85714286,0,39.07107202,-121.009596
F16-313,No Genotype,W,NONE,0,78,78,-99,-99,-99,-99,-99,-99,-99,-99,206,206,-99,-99,,84,84,104,108,176,182,-99,-99,-99,-99,218,222,-99,-99,42.85714286,0,39.26682701,-121.060747
F16-211,No Genotype,E,NONE,0,78,78,-99,-99,-99,-99,-99,-99,-99,-99,-99,-99,-99,-99,,84,84,104,104,176,176,-99,-99,-99,-99,226,226,-99,-99,35.71428571,0,39.00016,-121.07462
F16-290,No Genotype,E,NONE,0,78,78,132,132,-99,-99,-99,-99,-99,-99,-99,-99,-99,-99,,84,86,104,108,174,174,-99,-99,-99,-99,-99,-99,-99,-99,35.71428571,0,39.07107202,-121.009596
F16-067,No Genotype,W,NONE,0,-99,-99,-99,-99,-99,-99,-99,-99,-99,-99,-99,-99,-99,-99,,84,84,104,104,176,176,-99,-99,-99,-99,222,222,-99,-99,28.57142857,0,38.88968,-121.10055
F16-096,No Genotype,W,NONE,0,-99,-99,-99,-99,-99,-99,-99,-99,-99,-99,-99,-99,-99,-99,,84,84,104,108,176,176,-99,-99,-99,-99,222,222,-99,-99,28.57142857,0,38.97123,-121.13557
F16-104,No Genotype,W,NONE,0,78,78,132,132,-99,-99,-99,-99,-99,-99,-99,-99,-99,-99,,84,84,104,112,-99,-99,-99,-99,-99,-99,-99,-99,-99,-99,28.57142857,0,38.90837,-121.08592
F16-122,No Genotype,W,NONE,0,-99,-99,-99,-99,-99,-99,-99,-99,-99,-99,-99,-99,-99,-99,,84,84,112,112,178,178,-99,-99,-99,-99,226,226,-99,-99,28.57142857,0,38.89363,-121.13145
F16-134,No Genotype,W,NONE,0,78,78,-99,-99,-99,-99,-99,-99,-99,-99,-99,-99,-99,-99,,84,86,104,108,-99,-99,-99,-99,-99,-99,222,222,-99,-99,28.57142857,0,39.12344,-121.10879
F16-194,No Genotype,E,NONE,0,78,78,-99,-99,-99,-99,-99,-99,-99,-99,-99,-99,-99,-99,,84,84,104,104,-99,-99,-99,-99,-99,-99,218,218,-99,-99,28.57142857,0,39.18309,-120.99769
F16-200,No Genotype,E,NONE,0,82,82,-99,-99,-99,-99,-99,-99,-99,-99,-99,-99,-99,-99,,84,84,104,108,-99,-99,-99,-99,-99,-99,222,222,-99,-99,28.57142857,0,38.98475,-121.07499
F16-218b,No Genotype,E,NONE,0,78,78,-99,-99,-99,-99,-99,-99,-99,-99,-99,-99,-99,-99,,84,84,108,112,-99,-99,-99,-99,-99,-99,222,222,-99,-99,28.57142857,0,38.99071,-121.07887
F16-261,No Genotype,W,NONE,0,78,80,-99,-99,-99,-99,-99,-99,-99,-99,-99,-99,-99,-99,,84,84,104,108,-99,-99,-99,-99,-99,-99,218,218,-99,-99,28.57142857,0,39.05006,-121.106
F16-276b,No Genotype,E,NONE,0,78,78,-99,-99,-99,-99,-99,-99,-99,-99,-99,-99,-99,-99,,84,84,104,104,156,156,-99,-99,-99,-99,-99,-99,-99,-99,28.57142857,0,39.07104302,-121.009329
F16-093,No Genotype,W,NONE,0,-99,-99,-99,-99,-99,-99,-99,-99,-99,-99,-99,-99,-99,-99,,84,84,104,108,-99,-99,-99,-99,-99,-99,-99,-99,260,260,21.42857143,0,38.97554,-121.13701
F16-107,No Genotype,W,NONE,0,-99,-99,-99,-99,-99,-99,-99,-99,-99,-99,-99,-99,-99,-99,,84,84,-99,-99,-99,-99,-99,-99,-99,-99,218,218,246,246,21.42857143,0,38.89811,-121.10415
F16-133,No Genotype,W,NONE,0,78,78,-99,-99,-99,-99,-99,-99,-99,-99,-99,-99,-99,-99,,84,84,108,108,-99,-99,-99,-99,-99,-99,-99,-99,-99,-99,21.42857143,0,39.11909,-121.10775
F16-203,No Genotype,E,NONE,0,78,78,-99,-99,-99,-99,-99,-99,-99,-99,-99,-99,-99,-99,,84,84,108,112,-99,-99,-99,-99,-99,-99,-99,-99,-99,-99,21.42857143,0,38.99078,-121.07887
F16-209,No Genotype,E,NONE,0,78,78,-99,-99,-99,-99,-99,-99,-99,-99,-99,-99,-99,-99,,84,84,104,112,-99,-99,-99,-99,-99,-99,-99,-99,-99,-99,21.42857143,0,39.00071,-121.07667
F16-216b,No Genotype,E,NONE,0,-99,-99,-99,-99,-99,-99,-99,-99,-99,-99,-99,-99,-99,-99,,84,84,108,112,176,176,-99,-99,-99,-99,-99,-99,-99,-99,21.42857143,0,38.99071,-121.07887
F16-217b,No Genotype,E,NONE,0,78,78,128,132,-99,-99,-99,-99,-99,-99,210,212,-99,-99,,-99,-99,-99,-99,-99,-99,-99,-99,-99,-99,-99,-99,-99,-99,21.42857143,0,38.99071,-121.07887
F16-318b,No Genotype,W,NONE,0,-99,-99,-99,-99,-99,-99,-99,-99,-99,-99,-99,-99,-99,-99,,84,84,104,104,176,176,-99,-99,-99,-99,-99,-99,-99,-99,21.42857143,0,39.257157,-121.082867
F16-003,No Genotype,W,NONE,0,-99,-99,-99,-99,-99,-99,-99,-99,-99,-99,-99,-99,-99,-99,,84,86,108,108,-99,-99,-99,-99,-99,-99,-99,-99,-99,-99,14.28571429,0,39.10237,-121.10484
F16-019b,No Genotype,W,NONE,0,-99,-99,-99,-99,-99,-99,-99,-99,-99,-99,-99,-99,-99,-99,,84,86,104,104,-99,-99,-99,-99,-99,-99,-99,-99,-99,-99,14.28571429,0,39.31661,-120.85317
F16-073,No Genotype,W,NONE,0,-99,-99,-99,-99,-99,-99,-99,-99,-99,-99,-99,-99,-99,-99,,84,84,-99,-99,-99,-99,-99,-99,-99,-99,222,222,-99,-99,14.28571429,0,38.93173,-121.18127
F16-074,No Genotype,W,NONE,0,-99,-99,-99,-99,-99,-99,-99,-99,-99,-99,-99,-99,-99,-99,,84,84,-99,-99,-99,-99,-99,-99,-99,-99,222,222,-99,-99,14.28571429,0,38.93174,-121.18124
F16-078,No Genotype,W,NONE,0,-99,-99,-99,-99,-99,-99,-99,-99,-99,-99,-99,-99,-99,-99,,84,84,104,104,-99,-99,-99,-99,-99,-99,-99,-99,-99,-99,14.28571429,0,38.9384,-121.13994
F16-088,No Genotype,W,NONE,0,-99,-99,-99,-99,-99,-99,-99,-99,-99,-99,-99,-99,-99,-99,,-99,-99,114,114,-99,-99,-99,-99,212,212,-99,-99,-99,-99,14.28571429,0,38.98525,-121.12826
F16-132,No Genotype,W,NONE,0,-99,-99,-99,-99,-99,-99,-99,-99,-99,-99,-99,-99,-99,-99,,84,84,104,104,-99,-99,-99,-99,-99,-99,-99,-99,-99,-99,14.28571429,0,39.11909,-121.10775
F16-155,No Genotype,E,NONE,0,-99,-99,-99,-99,-99,-99,-99,-99,-99,-99,-99,-99,-99,-99,,84,86,-99,-99,-99,-99,-99,-99,-99,-99,222,222,-99,-99,14.28571429,0,38.9918,-121.07468
F16-210,No Genotype,E,NONE,0,-99,-99,-99,-99,-99,-99,-99,-99,-99,-99,-99,-99,-99,-99,,84,84,104,112,-99,-99,-99,-99,-99,-99,-99,-99,-99,-99,14.28571429,0,39.00016,-121.07462
F16-213b,No Genotype,E,NONE,0,78,78,-99,-99,-99,-99,-99,-99,-99,-99,-99,-99,-99,-99,,84,84,-99,-99,-99,-99,-99,-99,-99,-99,-99,-99,-99,-99,14.28571429,0,39.00049,-121.06111
F16-281,No Genotype,E,NONE,0,-99,-99,-99,-99,-99,-99,-99,-99,-99,-99,-99,-99,-99,-99,,84,84,-99,-99,-99,-99,-99,-99,-99,-99,216,222,-99,-99,14.28571429,0,39.08783399,-121.001564
F16-322b,No Genotype,W,NONE,0,-99,-99,-99,-99,-99,-99,-99,-99,-99,-99,-99,-99,-99,-99,,84,84,104,108,-99,-99,-99,-99,-99,-99,-99,-99,-99,-99,14.28571429,0,39.25115604,-121.092708
F16-326,No Genotype,W,NONE,0,-99,-99,-99,-99,-99,-99,-99,-99,-99,-99,-99,-99,-99,-99,,-99,-99,112,112,-99,-99,-99,-99,-99,-99,222,226,-99,-99,14.28571429,0,39.25316803,-121.088875
F16-037,No Genotype,E,NONE,0,-99,-99,-99,-99,-99,-99,-99,-99,-99,-99,-99,-99,-99,-99,,-99,-99,-99,-99,-99,-99,-99,-99,216,216,-99,-99,-99,-99,7.142857143,0,39.1373,-121.04389
F16-046,No Genotype,W,NONE,0,-99,-99,-99,-99,-99,-99,-99,-99,-99,-99,-99,-99,-99,-99,,-99,-99,112,112,-99,-99,-99,-99,-99,-99,-99,-99,-99,-99,7.142857143,0,39.25009,-121.20783
F16-071,No Genotype,W,NONE,0,-99,-99,-99,-99,-99,-99,-99,-99,-99,-99,-99,-99,-99,-99,,-99,-99,108,108,-99,-99,-99,-99,-99,-99,-99,-99,-99,-99,7.142857143,0,38.93473,-121.19006
F16-080b,No Genotype,W,NONE,0,-99,-99,-99,-99,-99,-99,-99,-99,-99,-99,-99,-99,-99,-99,,84,84,-99,-99,-99,-99,-99,-99,-99,-99,-99,-99,-99,-99,7.142857143,0,38.938107,-121.118446
F16-092,No Genotype,W,NONE,0,-99,-99,-99,-99,-99,-99,-99,-99,-99,-99,-99,-99,-99,-99,,84,84,-99,-99,-99,-99,-99,-99,-99,-99,-99,-99,-99,-99,7.142857143,0,38.9757,-121.13787
F16-125b,No Genotype,W,NONE,0,-99,-99,-99,-99,-99,-99,-99,-99,-99,-99,-99,-99,-99,-99,,86,86,-99,-99,-99,-99,-99,-99,-99,-99,-99,-99,-99,-99,7.142857143,0,38.97564,-121.13702
F16-157,No Genotype,E,NONE,0,-99,-99,-99,-99,-99,-99,-99,-99,-99,-99,-99,-99,-99,-99,,84,84,-99,-99,-99,-99,-99,-99,-99,-99,-99,-99,-99,-99,7.142857143,0,38.99244,-121.0754
F16-172,No Genotype,E,NONE,0,-99,-99,-99,-99,-99,-99,-99,-99,-99,-99,-99,-99,-99,-99,,84,84,-99,-99,-99,-99,-99,-99,-99,-99,-99,-99,-99,-99,7.142857143,0,39.16568,-120.9688
F16-266,No Genotype,W,NONE,0,-99,-99,-99,-99,-99,-99,-99,-99,-99,-99,-99,-99,-99,-99,,84,84,-99,-99,-99,-99,-99,-99,-99,-99,-99,-99,-99,-99,7.142857143,0,39.06207,-121.11436
F16-278b,No Genotype,E,NONE,0,-99,-99,-99,-99,-99,-99,-99,-99,-99,-99,-99,-99,-99,-99,,-99,-99,104,104,-99,-99,-99,-99,-99,-99,-99,-99,-99,-99,7.142857143,0,39.079117,-121.002023
F16-284,No Genotype,E,NONE,0,-99,-99,-99,-99,-99,-99,-99,-99,-99,-99,-99,-99,-99,-99,,86,86,-99,-99,-99,-99,-99,-99,-99,-99,-99,-99,-99,-99,7.142857143,0,39.09329999,-121.000964
F16-311,No Genotype,E,NONE,0,-99,-99,-99,-99,-99,-99,-99,-99,-99,-99,-99,-99,-99,-99,,84,84,-99,-99,-99,-99,-99,-99,-99,-99,-99,-99,-99,-99,7.142857143,0,39.31427001,-120.93798
F16-312,No Genotype,E,NONE,0,-99,-99,-99,-99,-99,-99,-99,-99,-99,-99,-99,-99,-99,-99,,84,84,-99,-99,-99,-99,-99,-99,-99,-99,-99,-99,-99,-99,7.142857143,0,39.31427001,-120.93798
F16-317b,No Genotype,W,NONE,0,-99,-99,-99,-99,-99,-99,-99,-99,-99,-99,-99,-99,-99,-99,,84,84,-99,-99,-99,-99,-99,-99,-99,-99,-99,-99,-99,-99,7.142857143,0,39.25926302,-121.082421
F16-001,No Genotype,EW,NONE,0,-99,-99,-99,-99,-99,-99,-99,-99,-99,-99,-99,-99,-99,-99,,-99,-99,-99,-99,-99,-99,-99,-99,-99,-99,-99,-99,-99,-99,0,0,39.10471,-121.09354
F16-004,No Genotype,W,NONE,0,-99,-99,-99,-99,-99,-99,-99,-99,-99,-99,-99,-99,-99,-99,,-99,-99,-99,-99,-99,-99,-99,-99,-99,-99,-99,-99,-99,-99,0,0,39.10617,-121.08917
F16-005,No Genotype,W,NONE,0,-99,-99,-99,-99,-99,-99,-99,-99,-99,-99,-99,-99,-99,-99,,-99,-99,-99,-99,-99,-99,-99,-99,-99,-99,-99,-99,-99,-99,0,0,39.11227,-121.09946
F16-007,No Genotype,W,NONE,0,-99,-99,-99,-99,-99,-99,-99,-99,-99,-99,-99,-99,-99,-99,,-99,-99,-99,-99,-99,-99,-99,-99,-99,-99,-99,-99,-99,-99,0,0,39.31899,-121.13977
F16-008,No Genotype,W,NONE,0,-99,-99,-99,-99,-99,-99,-99,-99,-99,-99,-99,-99,-99,-99,,-99,-99,-99,-99,-99,-99,-99,-99,-99,-99,-99,-99,-99,-99,0,0,39.31797,-121.14559
F16-009,No Genotype,W,NONE,0,-99,-99,-99,-99,-99,-99,-99,-99,-99,-99,-99,-99,-99,-99,,-99,-99,-99,-99,-99,-99,-99,-99,-99,-99,-99,-99,-99,-99,0,0,39.31927,-121.15171
F16-010,No Genotype,W,NONE,0,-99,-99,-99,-99,-99,-99,-99,-99,-99,-99,-99,-99,-99,-99,,-99,-99,-99,-99,-99,-99,-99,-99,-99,-99,-99,-99,-99,-99,0,0,39.31931,-121.15142
F16-012b,No Genotype,EW,NONE,0,-99,-99,-99,-99,-99,-99,-99,-99,-99,-99,-99,-99,-99,-99,,-99,-99,-99,-99,-99,-99,-99,-99,-99,-99,-99,-99,-99,-99,0,0,39.00639,-121.10605
F16-013,No Genotype,E,NONE,0,-99,-99,-99,-99,-99,-99,-99,-99,-99,-99,-99,-99,-99,-99,,-99,-99,-99,-99,-99,-99,-99,-99,-99,-99,-99,-99,-99,-99,0,0,39.00639,-121.10605
F16-014,No Genotype,W,NONE,0,-99,-99,-99,-99,-99,-99,-99,-99,-99,-99,-99,-99,-99,-99,,-99,-99,-99,-99,-99,-99,-99,-99,-99,-99,-99,-99,-99,-99,0,0,39.00865,-121.10184
F16-015,No Genotype,W,NONE,0,-99,-99,-99,-99,-99,-99,-99,-99,-99,-99,-99,-99,-99,-99,,-99,-99,-99,-99,-99,-99,-99,-99,-99,-99,-99,-99,-99,-99,0,0,39.00865,-121.10184
F16-017,No Genotype,W,NONE,0,-99,-99,-99,-99,-99,-99,-99,-99,-99,-99,-99,-99,-99,-99,,-99,-99,-99,-99,-99,-99,-99,-99,-99,-99,-99,-99,-99,-99,0,0,39.00865,-121.10184
F16-018,No Genotype,W,NONE,0,-99,-99,-99,-99,-99,-99,-99,-99,-99,-99,-99,-99,-99,-99,,-99,-99,-99,-99,-99,-99,-99,-99,-99,-99,-99,-99,-99,-99,0,0,39.02809,-121.09028
F16-022,No Genotype,W,NONE,0,-99,-99,-99,-99,-99,-99,-99,-99,-99,-99,-99,-99,-99,-99,,-99,-99,-99,-99,-99,-99,-99,-99,-99,-99,-99,-99,-99,-99,0,0,39.31834,-120.84274
F16-023,No Genotype,W,NONE,0,-99,-99,-99,-99,-99,-99,-99,-99,-99,-99,-99,-99,-99,-99,,-99,-99,-99,-99,-99,-99,-99,-99,-99,-99,-99,-99,-99,-99,0,0,39.31898,-120.83876
F16-024,No Genotype,W,NONE,0,-99,-99,-99,-99,-99,-99,-99,-99,-99,-99,-99,-99,-99,-99,,-99,-99,-99,-99,-99,-99,-99,-99,-99,-99,-99,-99,-99,-99,0,0,39.31905,-120.83796
F16-026,No Genotype,W,NONE,0,-99,-99,-99,-99,-99,-99,-99,-99,-99,-99,-99,-99,-99,-99,,-99,-99,-99,-99,-99,-99,-99,-99,-99,-99,-99,-99,-99,-99,0,0,39.32131,-120.83192
F16-030b,No Genotype,W,NONE,0,-99,-99,-99,-99,-99,-99,-99,-99,-99,-99,-99,-99,-99,-99,,-99,-99,-99,-99,-99,-99,-99,-99,-99,-99,-99,-99,-99,-99,0,0,39.06088,-121.15925
F16-032,No Genotype,W,NONE,0,-99,-99,-99,-99,-99,-99,-99,-99,-99,-99,-99,-99,-99,-99,,-99,-99,-99,-99,-99,-99,-99,-99,-99,-99,-99,-99,-99,-99,0,0,39.05321,-121.15563
F16-035b,No Genotype,E,NONE,0,-99,-99,-99,-99,-99,-99,-99,-99,-99,-99,-99,-99,-99,-99,,-99,-99,-99,-99,-99,-99,-99,-99,-99,-99,-99,-99,-99,-99,0,0,39.14515,-121.03266
F16-036,No Genotype,E,NONE,0,-99,-99,-99,-99,-99,-99,-99,-99,-99,-99,-99,-99,-99,-99,,-99,-99,-99,-99,-99,-99,-99,-99,-99,-99,-99,-99,-99,-99,0,0,39.14345,-121.03681
F16-041,No Genotype,W,NONE,0,-99,-99,-99,-99,-99,-99,-99,-99,-99,-99,-99,-99,-99,-99,,-99,-99,-99,-99,-99,-99,-99,-99,-99,-99,-99,-99,-99,-99,0,0,39.222,-121.19832
F16-042,No Genotype,W,NONE,0,-99,-99,-99,-99,-99,-99,-99,-99,-99,-99,-99,-99,-99,-99,,-99,-99,-99,-99,-99,-99,-99,-99,-99,-99,-99,-99,-99,-99,0,0,39.22014,-121.19009
F16-043,No Genotype,W,NONE,0,-99,-99,-99,-99,-99,-99,-99,-99,-99,-99,-99,-99,-99,-99,,-99,-99,-99,-99,-99,-99,-99,-99,-99,-99,-99,-99,-99,-99,0,0,39.22014,-121.19009
F16-044,No Genotype,W,NONE,0,-99,-99,-99,-99,-99,-99,-99,-99,-99,-99,-99,-99,-99,-99,,-99,-99,-99,-99,-99,-99,-99,-99,-99,-99,-99,-99,-99,-99,0,0,39.22014,-121.19009
F16-045,No Genotype,W,NONE,0,-99,-99,-99,-99,-99,-99,-99,-99,-99,-99,-99,-99,-99,-99,,-99,-99,-99,-99,-99,-99,-99,-99,-99,-99,-99,-99,-99,-99,0,0,39.25106,-121.20731
F16-050,No Genotype,W,NONE,0,-99,-99,-99,-99,-99,-99,-99,-99,-99,-99,-99,-99,-99,-99,,-99,-99,-99,-99,-99,-99,-99,-99,-99,-99,-99,-99,-99,-99,0,0,38.99474,-121.13535
F16-064,No Genotype,W,NONE,0,-99,-99,-99,-99,-99,-99,-99,-99,-99,-99,-99,-99,-99,-99,,-99,-99,-99,-99,-99,-99,-99,-99,-99,-99,-99,-99,-99,-99,0,0,38.89212,-121.10623
F16-068,No Genotype,W,NONE,0,-99,-99,-99,-99,-99,-99,-99,-99,-99,-99,-99,-99,-99,-99,,-99,-99,-99,-99,-99,-99,-99,-99,-99,-99,-99,-99,-99,-99,0,0,38.89241,-121.09298
F16-079b,No Genotype,W,NONE,0,-99,-99,-99,-99,-99,-99,-99,-99,-99,-99,-99,-99,-99,-99,,-99,-99,-99,-99,-99,-99,-99,-99,-99,-99,-99,-99,-99,-99,0,0,38.95147,-121.12236
F16-082,No Genotype,W,NONE,0,-99,-99,-99,-99,-99,-99,-99,-99,-99,-99,-99,-99,-99,-99,,-99,-99,-99,-99,-99,-99,-99,-99,-99,-99,-99,-99,-99,-99,0,0,38.96317,-121.1499
F16-089,No Genotype,W,NONE,0,-99,-99,-99,-99,-99,-99,-99,-99,-99,-99,-99,-99,-99,-99,,-99,-99,-99,-99,-99,-99,-99,-99,-99,-99,-99,-99,-99,-99,0,0,38.98824,-121.13528
F16-141,No Genotype,E,NONE,0,-99,-99,-99,-99,-99,-99,-99,-99,-99,-99,-99,-99,-99,-99,,-99,-99,-99,-99,-99,-99,-99,-99,-99,-99,-99,-99,-99,-99,0,0,38.994417,-121.051155
F16-147,No Genotype,E,NONE,0,-99,-99,-99,-99,-99,-99,-99,-99,-99,-99,-99,-99,-99,-99,,-99,-99,-99,-99,-99,-99,-99,-99,-99,-99,-99,-99,-99,-99,0,0,38.98932,-121.06866
F16-149,No Genotype,E,NONE,0,-99,-99,-99,-99,-99,-99,-99,-99,-99,-99,-99,-99,-99,-99,,-99,-99,-99,-99,-99,-99,-99,-99,-99,-99,-99,-99,-99,-99,0,0,38.98901,-121.07336
F16-159,No Genotype,E,NONE,0,-99,-99,-99,-99,-99,-99,-99,-99,-99,-99,-99,-99,-99,-99,,-99,-99,-99,-99,-99,-99,-99,-99,-99,-99,-99,-99,-99,-99,0,0,38.99212,-121.0722
F16-169,No Genotype,E,NONE,0,-99,-99,-99,-99,-99,-99,-99,-99,-99,-99,-99,-99,-99,-99,,-99,-99,-99,-99,-99,-99,-99,-99,-99,-99,-99,-99,-99,-99,0,0,39.16604,-120.95738
F16-170,No Genotype,E,NONE,0,-99,-99,-99,-99,-99,-99,-99,-99,-99,-99,-99,-99,-99,-99,,-99,-99,-99,-99,-99,-99,-99,-99,-99,-99,-99,-99,-99,-99,0,0,39.17136,-120.96034
F16-185,No Genotype,W,NONE,0,-99,-99,-99,-99,-99,-99,-99,-99,-99,-99,-99,-99,-99,-99,,-99,-99,-99,-99,-99,-99,-99,-99,-99,-99,-99,-99,-99,-99,0,0,38.97365,-121.20828
F16-195,No Genotype,E,NONE,0,-99,-99,-99,-99,-99,-99,-99,-99,-99,-99,-99,-99,-99,-99,,-99,-99,-99,-99,-99,-99,-99,-99,-99,-99,-99,-99,-99,-99,0,0,39.17739,-120.99472
F16-198,No Genotype,E,NONE,0,-99,-99,-99,-99,-99,-99,-99,-99,-99,-99,-99,-99,-99,-99,,-99,-99,-99,-99,-99,-99,-99,-99,-99,-99,-99,-99,-99,-99,0,0,39.1753,-120.99904
F16-201,No Genotype,E,NONE,0,-99,-99,-99,-99,-99,-99,-99,-99,-99,-99,-99,-99,-99,-99,,-99,-99,-99,-99,-99,-99,-99,-99,-99,-99,-99,-99,-99,-99,0,0,38.98746,-121.07819
F16-202,No Genotype,E,NONE,0,-99,-99,-99,-99,-99,-99,-99,-99,-99,-99,-99,-99,-99,-99,,-99,-99,-99,-99,-99,-99,-99,-99,-99,-99,-99,-99,-99,-99,0,0,38.99078,-121.07887
F16-208,No Genotype,E,NONE,0,-99,-99,-99,-99,-99,-99,-99,-99,-99,-99,-99,-99,-99,-99,,-99,-99,-99,-99,-99,-99,-99,-99,-99,-99,-99,-99,-99,-99,0,0,39.00059,-121.07946
F16-231,No Genotype,E,NONE,0,-99,-99,-99,-99,-99,-99,-99,-99,-99,-99,-99,-99,-99,-99,,-99,-99,-99,-99,-99,-99,-99,-99,-99,-99,-99,-99,-99,-99,0,0,39.30966,-120.82041
F16-245,No Genotype,E,NONE,0,-99,-99,-99,-99,-99,-99,-99,-99,-99,-99,-99,-99,-99,-99,,-99,-99,-99,-99,-99,-99,-99,-99,-99,-99,-99,-99,-99,-99,0,0,39.24655,-120.87147
F16-247,No Genotype,E,NONE,0,-99,-99,-99,-99,-99,-99,-99,-99,-99,-99,-99,-99,-99,-99,,-99,-99,-99,-99,-99,-99,-99,-99,-99,-99,-99,-99,-99,-99,0,0,39.23965,-120.90263
F16-255,No Genotype,E,NONE,0,-99,-99,-99,-99,-99,-99,-99,-99,-99,-99,-99,-99,-99,-99,,-99,-99,-99,-99,-99,-99,-99,-99,-99,-99,-99,-99,-99,-99,0,0,39.32728,-120.75962
F16-259,No Genotype,W,NONE,0,-99,-99,-99,-99,-99,-99,-99,-99,-99,-99,-99,-99,-99,-99,,-99,-99,-99,-99,-99,-99,-99,-99,-99,-99,-99,-99,-99,-99,0,0,39.05009,-121.10542
F16-273,No Genotype,E,NONE,0,-99,-99,-99,-99,-99,-99,-99,-99,-99,-99,-99,-99,-99,-99,,-99,-99,-99,-99,-99,-99,-99,-99,-99,-99,-99,-99,-99,-99,0,0,39.06539798,-121.007995
F16-280,No Genotype,E,NONE,0,-99,-99,-99,-99,-99,-99,-99,-99,-99,-99,-99,-99,-99,-99,,-99,-99,-99,-99,-99,-99,-99,-99,-99,-99,-99,-99,-99,-99,0,0,39.08783399,-121.001564
F16-282,No Genotype,E,NONE,0,-99,-99,-99,-99,-99,-99,-99,-99,-99,-99,-99,-99,-99,-99,,-99,-99,-99,-99,-99,-99,-99,-99,-99,-99,-99,-99,-99,-99,0,0,39.08783399,-121.001564
F16-283,No Genotype,E,NONE,0,-99,-99,-99,-99,-99,-99,-99,-99,-99,-99,-99,-99,-99,-99,,-99,-99,-99,-99,-99,-99,-99,-99,-99,-99,-99,-99,-99,-99,0,0,39.09091601,-121.001473
F16-288,No Genotype,E,NONE,0,-99,-99,-99,-99,-99,-99,-99,-99,-99,-99,-99,-99,-99,-99,,-99,-99,-99,-99,-99,-99,-99,-99,-99,-99,-99,-99,-99,-99,0,0,39.08134698,-121.002309
F16-292,No Genotype,E,NONE,0,-99,-99,-99,-99,-99,-99,-99,-99,-99,-99,-99,-99,-99,-99,,-99,-99,-99,-99,-99,-99,-99,-99,-99,-99,-99,-99,-99,-99,0,0,39.07107202,-121.009596
F16-298,No Genotype,E,NONE,0,-99,-99,-99,-99,-99,-99,-99,-99,-99,-99,-99,-99,-99,-99,,-99,-99,-99,-99,-99,-99,-99,-99,-99,-99,-99,-99,-99,-99,0,0,39.08104104,-121.072948
F16-307,No Genotype,E,NONE,0,-99,-99,-99,-99,-99,-99,-99,-99,-99,-99,-99,-99,-99,-99,,-99,-99,-99,-99,-99,-99,-99,-99,-99,-99,-99,-99,-99,-99,0,0,39.336012,-120.936793
F16-323b,No Genotype,W,NONE,0,-99,-99,-99,-99,-99,-99,-99,-99,-99,-99,-99,-99,-99,-99,,-99,-99,-99,-99,-99,-99,-99,-99,-99,-99,-99,-99,-99,-99,0,0,39.24644399,-121.092261
