ID,pop1,pop2,,genotype,Location
F15-108,0.458,0.542,,K1,N80
F15-120,0.6429,0.3571,,K2,N80
F15-029,0.8807,0.1193,,K2,N80
F15-109,0.8958,0.1042,,K2,N80
F15-119,0.925,0.075,,K2,N80
F15-107,0.9429,0.0571,,K2,N80
F15-152,0.0449,0.9551,,K1,S50
F15-155,0.0463,0.9537,,K1,S50
F15-151,0.1778,0.8222,,K1,S50
F15-150,0.1879,0.8121,,K1,S50
F15-048,0.0318,0.9682,,K1,S80-N50
F15-013,0.05,0.95,,K1,S80-N50
F15-020,0.0566,0.9434,,K1,S80-N50
F15-134,0.1997,0.8003,,K1,S80-N50
F15-130,0.3323,0.6677,,K1,S80-N50
F15-015,0.3384,0.6616,,K1,S80-N50
F15-017,0.3924,0.6076,,K1,S80-N50
F15-022,0.421,0.579,,K1,S80-N50
F15-077,0.4364,0.5636,,K1,S80-N50
F15-039,0.4462,0.5538,,K1,S80-N50
F15-125,0.4669,0.5331,,K1,S80-N50
F15-049,0.4704,0.5296,,K1,S80-N50
F15-076,0.5687,0.4313,,K2,S80-N50
F15-009,0.6429,0.3571,,K2,S80-N50
F15-128,0.6898,0.3102,,K2,S80-N50
F15-019,0.752,0.248,,K2,S80-N50
F15-075,0.7622,0.2378,,K2,S80-N50
F15-092,0.7638,0.2362,,K2,S80-N50
F15-135,0.7664,0.2336,,K2,S80-N50
F15-036,0.7733,0.2267,,K2,S80-N50
F15-021,0.8222,0.1778,,K2,S80-N50
F15-088,0.8341,0.1659,,K2,S80-N50
F15-089,0.839,0.161,,K2,S80-N50
F15-014,0.8461,0.1539,,K2,S80-N50
F15-090,0.8532,0.1468,,K2,S80-N50
F15-146,0.8586,0.1414,,K2,S80-N50
F15-008,0.8602,0.1398,,K2,S80-N50
F15-243,0.8817,0.1183,,K2,S80-N50
F15-094,0.9018,0.0982,,K2,S80-N50
F15-245,0.9092,0.0908,,K2,S80-N50
F15-002,0.9223,0.0777,,K2,S80-N50
F15-082,0.9304,0.0696,,K2,S80-N50
F15-084,0.9304,0.0696,,K2,S80-N50
F15-087,0.9318,0.0682,,K2,S80-N50
F15-080,0.9395,0.0605,,K2,S80-N50
F15-006,0.9397,0.0603,,K2,S80-N50
F15-003,0.9456,0.0544,,K2,S80-N50
