Sample,genotype,SoH,dlpicate,AHTh171coy,AHTh171coy_2,CPH11coy,CPH11coy_2,CPH18,CPH18_2,CXX-468,CXX-468_2,CXX-602coy,CXX-602coy_2,REN54P11,REN54P11_2,AHT137,AHT137_2,AHT142,AHT142_2,CXX-279,CXX-279_2,CXX-374,CXX-374_2,INU055,INU055_2,REN162C04,REN162C04_2,REN169O18coyote,REN169O18coyote_2,Lat,Long
F16-062,K1,W,1,176,176,162,162,170,172,74,76,146,164,202,202,142,148,142,148,100,102,106,106,208,216,176,176,322,326,38.90921,-121.0956
F16-254b,K1,E,3,176,182,0,0,170,180,78,80,138,146,204,206,146,150,134,134,98,102,104,108,208,216,174,178,316,322,39.3258,-120.75483
F16-110,K1,W,unique,172,176,154,162,170,176,76,80,144,156,204,206,146,148,134,140,100,102,104,108,212,216,174,178,322,326,38.94725,-121.29358
F16-226,K1,E,unique,168,168,0,0,170,170,78,80,138,152,202,206,146,150,134,134,100,102,104,104,208,212,174,178,0,0,39.3161,-120.828
F16-250,K1,E,unique,178,182,164,170,190,192,76,80,144,146,200,204,142,146,124,134,98,102,106,108,210,216,174,178,322,322,39.3175,-120.78008
F16-097,K1,W,unique,176,176,0,0,170,172,74,76,146,164,202,202,142,148,142,148,100,102,106,106,208,216,176,176,322,328,38.90111,-121.08691
F16-103,K1,W,unique,0,0,0,0,170,170,78,78,144,146,202,202,148,148,132,148,100,100,106,106,210,212,174,182,322,322,38.89996,-121.08953
F16-316b,K2,W,2,174,176,154,156,170,176,76,82,144,164,200,206,146,152,124,142,102,104,104,106,208,212,170,174,314,320,39.25991597,-121.078423
F16-142,K2,E,unique,178,178,152,158,176,176,82,88,142,148,196,204,144,144,130,140,86,102,104,104,210,212,170,172,318,318,38.995444,-121.05325
F16-205,K2,E,unique,160,170,0,0,176,178,92,94,120,130,210,212,128,138,128,132,98,102,120,122,216,220,176,176,330,330,38.99187,-121.0777
F16-207,K2,E,unique,162,170,168,168,168,168,0,0,134,134,202,216,132,132,132,132,98,104,122,126,222,222,176,184,316,316,38.99653,-121.08658
F16-289,K2,E,unique,162,174,168,168,168,168,74,74,130,130,206,218,126,140,132,134,94,102,124,126,216,222,176,184,320,320,39.08134698,-121.002309
F16-085,K2,W,unique,170,170,0,0,178,180,0,0,130,138,212,214,128,138,132,132,96,108,124,126,210,218,170,174,326,326,38.97664,-121.13725
F16-190,K2,W,unique,164,164,0,0,178,178,0,0,130,132,206,214,126,140,130,140,80,106,120,124,210,210,170,176,320,324,38.96424,-121.16889
F16-101,No Genotype,,1,176,176,162,162,170,172,74,76,146,164,202,202,142,148,142,148,100,102,106,106,208,216,176,176,322,322,38.90086,-121.08896
F16-314,No Genotype,,2,174,174,154,156,170,176,76,82,144,164,200,206,146,152,124,142,102,104,104,106,208,212,170,174,314,318,39.26309899,-121.065675
F16-257,No Genotype,,3,176,182,0,0,170,180,78,80,138,146,204,206,146,150,134,134,98,102,104,108,208,216,174,178,316,322,39.3284,-120.76036
F16-065,No Genotype,,unique,160,166,0,0,170,172,0,0,130,132,206,206,126,128,132,132,80,98,124,128,214,222,176,176,0,0,38.8922,-121.10627
F16-178,No Genotype,,unique,0,0,0,0,0,0,76,76,140,158,202,202,148,152,134,140,96,96,106,112,208,212,172,174,0,0,38.96919,-121.18403
F16-116,No Genotype,,unique,0,0,0,0,170,170,78,78,146,158,200,204,144,146,124,124,0,0,108,108,0,0,174,176,0,0,38.89559,-121.13514
F16-060,No Genotype,,unique,0,0,0,0,170,170,86,88,144,146,0,0,142,150,130,148,102,102,106,108,0,0,0,0,0,0,38.90176,-121.10211
F16-221,No Genotype,,unique,0,0,0,0,0,0,0,0,0,0,200,210,128,138,128,132,98,98,120,122,216,220,176,176,0,0,38.99071,-121.07887
F16-286,No Genotype,,unique,0,0,168,168,0,0,0,0,0,0,0,0,138,140,132,132,106,106,120,128,210,218,174,184,0,0,39.09721602,-121.000389
F16-109,No Genotype,,unique,0,0,0,0,0,0,74,74,146,152,0,0,142,144,0,0,0,0,106,106,208,208,176,182,0,0,38.92118,-121.1104
F16-267,No Genotype,,unique,0,0,0,0,0,0,0,0,0,0,0,0,126,138,128,130,102,102,124,124,0,0,176,176,0,0,39.06207,-121.11436
F16-268,No Genotype,,unique,0,0,0,0,0,0,0,0,0,0,0,0,132,134,0,0,96,96,120,124,222,222,176,176,0,0,39.06207,-121.11436
F16-225,No Genotype,,unique,0,0,0,0,0,0,78,80,0,0,200,200,0,0,134,134,0,0,104,104,0,0,0,0,0,0,39.31688,-120.81556
F16-238b,No Genotype,,unique,0,0,0,0,170,170,76,80,144,144,0,0,138,140,0,0,0,0,0,0,0,0,0,0,0,0,39.31435,-120.79846
F16-069b,No Genotype,,unique,0,0,0,0,0,0,74,74,0,0,0,0,142,144,0,0,0,0,106,106,0,0,0,0,0,0,38.92125,-121.11077
F16-021,No Genotype,,unique,166,166,0,0,0,0,0,0,0,0,0,0,138,138,0,0,0,0,0,0,0,0,0,0,0,0,39.31834,-120.84274
F16-114,No Genotype,,unique,0,0,0,0,170,170,0,0,0,0,0,0,0,0,124,124,0,0,0,0,0,0,0,0,0,0,38.88474,-121.11968
F16-174,No Genotype,,unique,166,166,0,0,0,0,0,0,0,0,0,0,0,0,0,0,0,0,104,104,0,0,0,0,0,0,38.96328,-121.16855
F16-192,No Genotype,,unique,0,0,0,0,0,0,0,0,0,0,0,0,126,138,0,0,96,98,0,0,0,0,0,0,0,0,39.19088,-120.99982
F16-297,No Genotype,,unique,0,0,0,0,170,170,0,0,0,0,0,0,0,0,0,0,0,0,106,108,0,0,0,0,0,0,39.07102601,-121.073152
F16-303,No Genotype,,unique,152,152,0,0,0,0,0,0,0,0,200,200,0,0,0,0,0,0,0,0,0,0,0,0,0,0,39.07021598,-121.080471
F16-011,No Genotype,,unique,166,166,0,0,0,0,0,0,0,0,0,0,0,0,0,0,0,0,0,0,0,0,0,0,0,0,39.31803,-121.1462
F16-072b,No Genotype,,unique,0,0,0,0,0,0,0,0,0,0,200,200,0,0,0,0,0,0,0,0,0,0,0,0,0,0,38.933905,-121.184994
F16-145,No Genotype,,unique,0,0,0,0,0,0,74,80,0,0,0,0,0,0,0,0,0,0,0,0,0,0,0,0,0,0,38.998832,-121.052693
F16-228,No Genotype,,unique,0,0,0,0,0,0,0,0,0,0,0,0,0,0,0,0,96,98,0,0,0,0,0,0,0,0,39.31178,-120.82503
F16-300,No Genotype,,unique,0,0,0,0,170,170,0,0,0,0,0,0,0,0,0,0,0,0,0,0,0,0,0,0,0,0,39.08609801,-121.073169
F16-006,No Genotype,,unique,0,0,0,0,0,0,0,0,0,0,0,0,0,0,0,0,0,0,0,0,0,0,0,0,0,0,39.319,-121.13688
F16-025,No Genotype,,unique,0,0,0,0,0,0,0,0,0,0,0,0,0,0,0,0,0,0,0,0,0,0,0,0,0,0,39.32144,-120.83208
F16-027,No Genotype,,unique,0,0,0,0,0,0,0,0,0,0,0,0,0,0,0,0,0,0,0,0,0,0,0,0,0,0,39.31907,-120.8327
F16-083,No Genotype,,unique,0,0,0,0,0,0,0,0,0,0,0,0,0,0,0,0,0,0,0,0,0,0,0,0,0,0,38.96319,-121.14574
F16-084b,No Genotype,,unique,0,0,0,0,0,0,0,0,0,0,0,0,0,0,0,0,0,0,0,0,0,0,0,0,0,0,38.96319,-121.14574
F16-098,No Genotype,,unique,0,0,0,0,0,0,0,0,0,0,0,0,0,0,0,0,0,0,0,0,0,0,0,0,0,0,38.90155,-121.08862
F16-099,No Genotype,,unique,0,0,0,0,0,0,0,0,0,0,0,0,0,0,0,0,0,0,0,0,0,0,0,0,0,0,38.90167,-121.08872
F16-108,No Genotype,,unique,0,0,0,0,0,0,0,0,0,0,0,0,0,0,0,0,0,0,0,0,0,0,0,0,0,0,38.9018,-121.10214
F16-131,No Genotype,,unique,0,0,0,0,0,0,0,0,0,0,0,0,0,0,0,0,0,0,0,0,0,0,0,0,0,0,38.93461,-121.17824
F16-137,No Genotype,,unique,0,0,0,0,0,0,0,0,0,0,0,0,0,0,0,0,0,0,0,0,0,0,0,0,0,0,39.1247,-121.1016
F16-143,No Genotype,,unique,0,0,0,0,0,0,0,0,0,0,0,0,0,0,0,0,0,0,0,0,0,0,0,0,0,0,38.996574,-121.058486
F16-179,No Genotype,,unique,0,0,0,0,0,0,0,0,0,0,0,0,0,0,0,0,0,0,0,0,0,0,0,0,0,0,38.96919,-121.18403
F16-189,No Genotype,,unique,0,0,0,0,0,0,0,0,0,0,0,0,0,0,0,0,0,0,0,0,0,0,0,0,0,0,38.96832,-121.19409
F16-242,No Genotype,,unique,0,0,0,0,0,0,0,0,0,0,0,0,0,0,0,0,0,0,0,0,0,0,0,0,0,0,39.24443,-120.89095
F16-246,No Genotype,,unique,0,0,0,0,0,0,0,0,0,0,0,0,0,0,0,0,0,0,0,0,0,0,0,0,0,0,39.24655,-120.87147
F16-293,No Genotype,,unique,0,0,0,0,0,0,0,0,0,0,0,0,0,0,0,0,0,0,0,0,0,0,0,0,0,0,39.07006603,-121.082127
F16-299b,No Genotype,,unique,0,0,0,0,0,0,0,0,0,0,0,0,0,0,0,0,0,0,0,0,0,0,0,0,0,0,39.08733803,-121.074532
F16-304,No Genotype,,unique,0,0,0,0,0,0,0,0,0,0,0,0,0,0,0,0,0,0,0,0,0,0,0,0,0,0,39.07109398,-121.08304
F16-305,No Genotype,,unique,0,0,0,0,0,0,0,0,0,0,0,0,0,0,0,0,0,0,0,0,0,0,0,0,0,0,39.33609699,-120.967484
F16-309,No Genotype,,unique,0,0,0,0,0,0,0,0,0,0,0,0,0,0,0,0,0,0,0,0,0,0,0,0,0,0,39.31510502,-120.936852
F16-310,No Genotype,,unique,0,0,0,0,0,0,0,0,0,0,0,0,0,0,0,0,0,0,0,0,0,0,0,0,0,0,39.31436699,-120.93799
F16-253,No Genotype,,unique,178,182,164,170,190,192,76,80,144,146,200,204,142,146,124,134,98,102,106,108,210,216,174,178,322,322,39.32547,-120.75457
