Ind ID,SoH,Lat,Long
F16-034,E,39.13608,-121.04546
F16-038,E,39.31054,-120.91349
F16-040,E,39.30117,-120.91896
F16-130,E,39.08272798,-121.001839
F16-140,E,38.992907,-121.050195
F16-146,E,38.98933,-121.06999
F16-152,E,38.98054,-121.07294
F16-156,E,38.99244,-121.0754
F16-158,E,38.99254,-121.07275
F16-160,E,38.99155,-121.07152
F16-161,E,38.99125,-121.0716
F16-166,E,39.16623,-120.95308
F16-168,E,39.16517,-120.95253
F16-171,E,39.16568,-120.9688
F16-193,E,39.18757,-120.99966
F16-196,E,39.17745,-120.99669
F16-197,E,39.17721,-120.99743
F16-215b,E,39.00099,-121.06932
F16-219,E,38.99071,-121.07887
F16-220,E,38.99071,-121.07887
F16-222,E,39.31669,-120.81465
F16-224,E,39.31688,-120.81556
F16-227,E,39.31178,-120.82503
F16-230,E,39.3095,-120.82089
F16-237b,E,39.31275,-120.80121
F16-241,E,39.24273,-120.91092
F16-243,E,39.24443,-120.89095
F16-244,E,39.24497,-120.88875
F16-249,E,39.3177,-120.7806
F16-252b,E,39.32089,-120.75702
F16-258,E,39.32802,-120.76041
F16-272b,E,39.06225803,-121.006035
F16-275b,E,39.06815998,-121.010203
F16-277b,E,39.0759,-121.004588
F16-279,E,39.08783399,-121.001564
F16-285b,E,39.09721602,-121.000389
F16-302,E,39.07021598,-121.080471
F16-048,W,39.00009,-121.13532
F16-063,W,38.89212,-121.10624
F16-066,W,38.8922,-121.10624
F16-095,W,38.973913,-121.13528
F16-100,W,38.90069,-121.08891
F16-106,W,38.89308,-121.10735
F16-119b,W,38.89398,-121.13244
F16-121,W,38.89363,-121.13145
F16-124,W,38.98299,-121.13543
F16-126,W,38.97564,-121.13702
F16-128,W,38.95054,-121.12597
F16-135,W,39.12271,-121.10601
F16-138,W,39.12332,-121.10886
F16-177,W,38.96603,-121.17032
F16-180,W,38.96603,-121.17032
F16-184,W,38.97648,-121.20338
F16-187,W,38.96917,-121.19759
F16-188,W,38.96889,-121.19733
F16-263,W,39.05651,-121.11108
F16-264,W,39.06398,-121.11411
